id,psn_id,record_status,acd_date,acd_time_group,acd_time,acd_location_eng,acd_type_eng,acd_cause_eng,weather_eng,road_status_eng,age,age-group,gender,injury_severities_eng,driving_license_issue_date,occupation_eng,intoxication_eng,seat_belt_status_eng,year_manufactured,insurance_company_name_eng,loading_date,ingestion_id
2244942,4203592,N,#########,Afternoon,0.722222222,Jumeirah Street,Shocked - vehicle,Not leaving enough distance,Sunny,Temple - Dry,28,20 - 29,M,Medium,39197,dish cleaner,Has not examined,Non-user,2012,Falcon National Insurance,20171016,3784
2262130,4233326,N,#########,Late Night,0.09375,Third Ruwayyah,Rammed a sand barrier,Neglect and lack of attention,Sunny,Temple - Dry,20,20 - 29,M,Little,42458,Students in military schools,unknown,unknown,2014,Royal & Sun Alliance Insurance Middle East,20171016,3784
2248211,4209360,N,#########,Morning,0.315972222,Street intersection Asayil Happiness Street,Shocked - vehicle,Bypass the red light,Sunny,Temple - Dry,42,40 - 49,M,Little,39474,civil engineer,Has not examined,unknown,2012,Charter Takaful Insurance Company PSC Dubai Branch,20171016,3784
2234504,4185340,N,#########,Evening,0.836805556,Emirates Road,Shocked - vehicle,Driving under the influence of drugs,Sunny,temple,31,30 - 39,M,death,,,Drug users,unknown,2002,With Oriental Insurance,20171016,3784
2236497,4188884,N,#########,Early Evening,0.756944444,El-Shikh Zayed street,Shocked - vehicle,Not leaving enough distance,Sunny,Temple - Dry,51,50 - 59,M,Little,36560,,Has not examined,user,2014,Falcon National Insurance,20171016,3784
2244970,4203647,N,#########,Night,0.954166667,343 Al Wasl area,Shocked - wall,Sudden deviation,Sunny,Temple - Dry,53,50 - 59,M,Little,33701,Starter Archive,Has not examined,Non-user,2013,"Orient Insurance Company, a public shareholding",20171016,3784
2240624,4196041,N,#########,Afternoon,0.666666667,Sheikh Mohammed Bin Zayed Road,Shocked - vehicle,Sudden deviation,Sunny,temple,54,50 - 59,M,Medium,39116,,Has not examined,user,1998,Combine Limited Insurance Company,20171016,3784
2235264,4186741,N,#########,Morning,0.333333333,Sih Street Peace,Shocked - vehicle,Natural factors - the fog,Fog - heavy,Temple - Dry,22,20 - 29,F,Medium,42371,student,unknown,user,2015,Falcon National Insurance,20171016,3784
2263203,4235063,N,#########,Morning,0.354166667,Sheikh Mohammed Bin Zayed Road,Shocked - vehicle,Driving under the influence of alcohol,Sunny,Temple - Dry,26,20 - 29,M,Medium,40843,Real Estate Agents,drunk,user,2011,With Oriental Insurance,20171016,3784
2241349,4197333,N,#########,Early Afternoon,0.541666667,Hatta city street,Shocked - vehicle,Before entering into the street to make sure that it is free,Sunny,Temple - Dry,29,20 - 29,M,Medium,39538,Employee,Has not examined,user,2007,Wathba National Insurance,20171016,3784
2235508,4187160,N,#########,Early Morning,0.135416667,Umm Suqeim Street,Shocked - vehicle,Not leaving enough distance,Sunny,Temple - Dry,21,20 - 29,M,death,41988,Student,unknown,unknown,2001,Charter Takaful Insurance Company PSC Dubai Branch,20171016,3784
2244593,4202990,N,#########,Early Morning,0.173611111,Sheikh Mohammed Bin Zayed Road,Rammed a concrete barrier,Sir Unlike Sir,Sunny,Temple - Dry,32,30 - 39,M,Medium,41079,Starter Archive,Has not examined,unknown,1999,Lake National Insurance,20171016,3784
2237225,4190170,N,#########,Night,0.996527778,Sheikh Mohammed Bin Zayed Road,Shocked - vehicle,Stand in the middle of the road,Sunny,Temple - Dry,38,30 - 39,M,Severe,38637,,Has not examined,user,2008,Orient Insurance,20171016,3784
2236160,4188281,N,#########,Morning,0.340277778,The intersection of Al Barsha South,Shocked - vehicle,Bypass the red light,Sunny,Temple - Dry,33,30 - 39,M,Medium,38188,,Has not examined,unknown,2015,Abu Dhabi National Insurance,20171016,3784
2245073,4203844,N,#########,Evening,0.809027778,Dubai Financial Center Street,Shocked - vehicle,Sudden deviation,Sunny,Temple - Dry,52,50 - 59,M,Little,30606,.Employee,Has not examined,Non-user,2011,AXA Insurance Gulf,20171016,3784
2238796,4192878,N,#########,Morning,0.402777778,Sheikh Mohammed Bin Zayed Road,Shocked - vehicle,Not leaving enough distance,Sunny,Temple - Dry,37,30 - 39,M,Medium,41566,Driver light vehicle,Has not examined,user,2012,Company Dhafra Insurance,20171016,3784
2238272,4191949,N,#########,Afternoon,0.729166667,airport Street,Shocked - vehicle,Not leaving enough distance,Sunny,Temple - Dry,32,30 - 39,M,death,41273,dish cleaner,unknown,Non-user,2016,The New India Insurance,20171016,3784
2238560,4192453,N,#########,Late Night,0.09375,Share Street,Rammed an iron barrier,Driving under the influence of alcohol,Fog - average,Temple - Dry,32,30 - 39,M,Little,39928,Promotional representative,drunk,user,2009,Arab Insurance,20171016,3784
2239630,4194263,N,42749,Early Morning,0.203472222,Port Said intersection,Shocked - vehicle,Bypass the red light,Sunny,Temple - Dry,63,42 - 49,M,Little,35453,Reporter,unknown,Non-user,1996,The National Union,20171016,3784
2248721,4210219,N,42749,Early Evening,0.75,Horse Street,Shocked - vehicle,Sudden deviation,Sunny,Temple - Dry,24,20 - 29,M,Little,42543,,Has not examined,Non-user,2017,"Orient Insurance Company, a public shareholding",20171016,3784
2248706,4210189,N,42749,Early Afternoon,0.604166667,353 Safa area first,Deterioration,Sudden deviation,Sunny,Temple - Dry,25,20 - 29,M,Little,,,Has not examined,Non-user,2014,Takaful House,20171016,3784
2240485,4195778,N,42751,Early Morning,0.25,El-Shikh Zayed street,Shocked - vehicle,Not leaving enough distance,Sunny,Temple - Dry,44,40 - 49,M,death,35160,Driver light vehicle,Has not examined,unknown,2009,With Oriental Insurance,20171016,3784
2249835,4212154,N,42752,Morning,0.322916667,Horse Street,Shocked - vehicle,Not leaving enough distance,Sunny,Temple - Dry,29,20 - 29,M,Medium,40989,Driver light vehicle,Has not examined,unknown,2014,Integrating Dubai Insurance,20171016,3784
2245754,4205076,N,42753,Evening,0.868055556,Sheikh Mohammed Bin Zayed Road,Shocked - vehicle,Not leaving enough distance,Sunny,Temple - Dry,35,30 - 39,M,Medium,40779,Vendor,Has not examined,Non-user,2014,Arabian Scandinavian Insurance,20171016,3784
2242764,4199796,N,42754,Morning,0.458333333,621 area Warsan,Shocked - vehicle,Before entering into the street to make sure that it is free,Sunny,Temple - Dry,39,30 - 39,M,Little,41634,Driver light vehicle,Has not examined,user,2003,Lake National Insurance,20171016,3784
2244505,4202834,N,42755,Late Night,0.041666667,Hatta Road Dubai,Shocked - vehicle,Not leaving enough distance,Sunny,Temple - Dry,21,20 - 29,M,Severe,41935,Employee,Has not examined,user,1996,Al Ain Ahlia Insurance,20171016,3784
2250632,4213532,N,42756,Morning,0.451388889,Fourth bridge Sheikh Zayed Road,Deterioration,Sudden deviation,Sunny,Temple - Dry,26,20 - 29,M,Little,42221,truck driver,Has not examined,unknown,1998,United Insurance,20171016,3784
2244073,4202074,N,42757,Morning,0.430555556,Emirates Road,Shocked - vehicle,Not leaving enough distance,Sunny,Temple - Dry,22,20 - 29,M,death,41717,Driver,unknown,unknown,2007,Falcon National Insurance,20171016,3784
2244858,4203454,N,42759,Afternoon,0.628472222,Dubai Investments Park II,Shocked - vehicle,Sudden deviation,Sunny,Temple - Dry,32,30 - 39,M,Severe,42290,,Has not examined,unknown,2011,Company Combine,20171016,3784
2249164,4210974,N,42760,Morning,0.329861111,Dubai Investments Park II,Shocked - vehicle,Sudden deviation,Others,Temple - Dry,34,30 - 39,M,Medium,35386,,Has not examined,Non-user,2016,Arabian Scandinavian Insurance,20171016,3784
2248913,4210544,N,42761,Afternoon,0.666666667,,Shocked - vehicle,Not leaving enough distance,Sunny,Temple - Dry,40,40 - 49,M,Little,35370,retired,Has not examined,unknown,2015,American Home Insurance Company,20171016,3784
2246735,4206728,N,42762,Night,0.895833333,134 Mamzar area,Deterioration,Driving under the influence of alcohol,Sunny,Temple - Dry,41,40 - 49,M,Little,41542,Assistant cooker / Pastry,drunk,unknown,2006,Emirates Insurance,20171016,3784
2246259,4205888,N,42762,Evening,0.798611111,University City Street,Shocked - vehicle,Not leaving enough distance,Sunny,Temple - Dry,22,20 - 29,M,Medium,41323,Student,unknown,Non-user,,,20171016,3784
2250735,4213730,N,42764,Morning,0.46875,Sheikh Khalifa Bin Zayed Road,Shocked - vehicle,Not leaving enough distance,Sunny,Temple - Dry,49,40 - 49,M,Little,39931,bus driver,Has not examined,unknown,2008,Qatar Insurance,20171016,3784
2253094,4217816,N,42764,Early Evening,0.770833333,Emirates Road,Shocked - vehicle,Lack of commitment to walk line,Sunny,Temple - Dry,55,50 - 59,M,Medium,38665,bus driver,unknown,unknown,2008,Arab Insurance,20171016,3784
2247843,4208685,N,42764,Evening,0.826388889,University City Street,Shocked - vehicle,Not leaving enough distance,Sunny,Temple - Dry,20,20 - 29,M,Little,41983,Employee,Has not examined,Non-user,2014,Falcon National Insurance,20171016,3784
2251237,4214587,N,42764,Early Morning,0.149305556,Nad Al Sheba,Shocked - vehicle,Driving under the influence of alcohol,Sunny,Temple - Dry,27,20 - 29,M,Little,39792,Student,drunk,user,2015,Integrating Dubai Insurance,20171016,3784
2248755,4210270,N,42765,Early Afternoon,0.552083333,Tower Road Sheikh Khalifa,Shocked - Lighting column,Sudden deviation,Sunny,Temple - Dry,19, 10 - 19,M,death,42683,,Has not examined,Non-user,2016,Takaful House,20171016,3784
2264630,4237429,N,42766,Early Morning,0.180555556,Amman Street,Shocked pier,Neglect and lack of attention,Sunny,Temple - Dry,40,40 - 49,M,Medium,,,Has not examined,user,2017,Lake National Insurance,20171016,3784
2255069,4221231,N,42766,Evening,0.868055556,364 Al Quoz Industrial Area first,Shocked - vehicle,Lack of commitment to walk line,Sunny,Temple - Dry,28,20 - 29,M,Medium,42241,Shepherd,Has not examined,Non-user,2016,"Orient Insurance Company, a public shareholding",20171016,3784
2255488,4221963,N,#########,Early Morning,0.180555556,El-Shikh Zayed street,Shocked - vehicle,Not leaving enough distance,Sunny,Temple - Dry,28,20 - 29,M,death,39447,Student,Has not examined,user,2013,Integrating Dubai Insurance,20171016,3784
2255501,4221986,N,#########,Night,0.986111111,Manara Street,Shocked - vehicle,Overspeed,Sunny,Temple - Dry,18, 10 - 19,M,Little,,,Has not examined,user,2015,Oman Insurance,20171016,3784
2265332,4238655,N,#########,Early Morning,0.180555556,First Horse Road,Shocked - wall,Driving under the influence of alcohol,Sunny,Temple - Dry,22,20 - 29,M,Medium,40179,,drunk,user,,,20171016,3784
2262690,4234270,N,#########,Morning,0.394444444,El-Shikh Zayed street,Deterioration,Sudden deviation,Sunny,Temple - Dry,39,30 - 39,M,Severe,41424,Vendor,Has not examined,unknown,2014,Union Insurance,20171016,3784
2255077,4221245,N,#########,Evening,0.791666667,Asayil Street,Rammed a concrete barrier,Sudden deviation,Sunny,Temple - Dry,32,30 - 39,M,Little,42030,civil engineer,Has not examined,unknown,2015,Fujairah National Insurance,20171016,3784
2249662,4211810,N,#########,Morning,0.444444444,Emirates Road,Shocked - vehicle,Not leaving enough distance,Sunny,Temple - Dry,31,30 - 39,M,death,,,unknown,user,2015,Jordan Insurance Company,20171016,3784
2264599,4237386,N,#########,Afternoon,0.6875,Dubai Financial Center Street,Rammed an iron barrier,Sudden deviation,Sunny,Temple - Dry,26,20 - 29,F,Medium,42167,Starter reception in,Has not examined,unknown,2015,safety,20171016,3784
2250469,4213216,N,#########,Morning,0.457638889,El-Shikh Zayed street,Shocked - vehicle,Not leaving enough distance,Sunny,Temple - Dry,31,30 - 39,M,death,40629,,Has not examined,unknown,2007,Jordan Insurance,20171016,3784
2261734,4232639,N,#########,Night,0.895833333,El-Shikh Zayed street,Deterioration,Sudden deviation,Sunny,Temple - Dry,29,20 - 29,M,Medium,42297,Commercial Pilot,unknown,Non-user,2016,"Orient Insurance Company, a public shareholding",20171016,3784
2257966,4226217,N,#########,Morning,0.375,Beirut St,Shocked - vehicle,Not leaving enough distance,Sunny,Temple - Dry,35,30 - 39,F,Little,,,Has not examined,unknown,2015,Al Ain Ahlia Insurance,20171016,3784
2255107,4221301,N,#########,Morning,0.472222222,Horse Street,Rammed an iron barrier,Sudden deviation,Sunny,Temple - Dry,26,20 - 29,M,Medium,42725,,Has not examined,unknown,2002,Noor Takaful General PJSC,20171016,3784
2278699,4261756,N,#########,Afternoon,0.666666667,First Horse Road,Deterioration,Sudden deviation,Sunny,Temple - Dry,26,20 - 29,M,Medium,41860,,Has not examined,Non-user,2013,Takaful House (PSC),20171016,3784
2253750,4218953,N,#########,Early Morning,0.166666667,Leadership Bridge,Shocked - wall,Driving under the influence of alcohol,Sunny,Temple - Dry,35,30 - 39,M,Little,41695,Vendor,drunk,user,2012,AXA Insurance Gulf,20171016,3784
2261941,4233009,N,#########,Early Morning,0.208333333,Sheikh Mohammed Bin Zayed Road,Deterioration,Neglect and lack of attention,Sunny,Temple - Dry,29,20 - 29,M,Medium,41728,Normal factor,Has not examined,Non-user,2014,AXA Insurance Gulf,20171016,3784
2254839,4220806,N,#########,Late Night,0.003472222,King Salman bin Abdulaziz Al Saud Street,Deterioration,Neglect and lack of attention,Sunny,Temple - Dry,22,20 - 29,M,Medium,,,Has not examined,Non-user,2011,Charter Company for Takaful Insurance,20171016,3784
2259064,4228124,N,#########,Early Morning,0.125,Aweer Street,Shocked - vehicle,Overspeed,Sunny,temple,22,20 - 29,M,Severe,41556,Student,Has not examined,Non-user,2014,Takaful House,20171016,3784
2253512,4218543,N,#########,Early Afternoon,0.520833333,Emirates Road,Shocked - vehicle,Not leaving enough distance,Sunny,Temple - Dry,53,50 - 59,M,death,38984,Drivers of small cars and light transport,unknown,unknown,2006,Wathba National Insurance,20171016,3784
2254904,4220918,N,#########,Early Evening,0.770833333,Sheikh Mohammed Bin Zayed Road,Rammed an iron barrier,Sudden deviation,Sunny,Temple - Dry,42,40 - 49,M,Medium,40041,,Has not examined,user,2014,Union Insurance,20171016,3784
2261278,4231909,N,42779,Night,0.923611111,El-Shikh Zayed street,Shocked - vehicle,Not leaving enough distance,Sunny,Temple - Dry,53,50 - 59,M,Little,37348,Executive Director,Has not examined,unknown,2014,Iranian insurance,20171016,3784
2261167,4231714,N,42779,Afternoon,0.701388889,Share Street,Shocked - vehicle,Not leaving enough distance,Sunny,Temple - Dry,28,20 - 29,M,Little,41373,Assistant Carpenter Buildings,Has not examined,user,2016,The New India Insurance,20171016,3784
2261315,4231979,N,42782,Early Morning,0.260416667,Horse Street,Shocked - vehicle,Sudden deviation,Sunny,Temple - Dry,47,40 - 49,M,Little,33104,.Employee,Has not examined,unknown,2007,Falcon National Insurance,20171016,3784
2260023,4229773,N,42782,Afternoon,0.625,Share Street,Shocked - vehicle,Lack of commitment to walk line,Sunny,Temple - Dry,23,20 - 29,M,Medium,42531,,Has not examined,Non-user,2016,With Oriental Insurance,20171016,3784
2257686,4225708,N,42782,Late Night,0.041666667,Junction Festival City,Shocked - vehicle,Lack of commitment to walk line,Sunny,Temple - Dry,22,20 - 29,M,Medium,41283,Sales Representative,Has not examined,user,2013,Arabian Scandinavian Insurance,20171016,3784
2309096,4313363,N,42783,Early Morning,0.208333333,El-Shikh Zayed street,Rammed an iron barrier,Lack of commitment to walk line,Sunny,Temple - Dry,32,30 - 39,M,Medium,38455,Student,Has not examined,Non-user,2007,Wathba National Insurance,20171016,3784
2316654,4326304,N,42784,Night,0.958333333,Jumeirah Street,Shocked - vehicle,Sudden deviation,Sunny,Temple - Dry,19, 10 - 19,F,Little,42715,Students in military schools,Has not examined,user,2007,Sharjah Insurance,20171016,3784
2260992,4231412,N,42784,Early Afternoon,0.552083333,Trade Center roundabout,Shocked - vehicle,Not leaving enough distance,Sunny,Temple - Dry,30,30 - 39,M,Little,42253,Machinery Operator,Has not examined,unknown,2014,The New India Insurance,20171016,3784
2258717,4227506,N,42784,Late Night,0.104166667,Capacity Street,Rammed an iron barrier,Sudden deviation,Raining,Temple - disorganized,24,20 - 29,M,Medium,40969,,unknown,user,2015,Union Insurance,20171016,3784
2257725,4225778,N,42785,Night,0.958333333,The Villa,Rammed the gate,Overspeed,Sunny,Temple - Dry,26,20 - 29,M,death,,Driver,unknown,,2014,Wathba National Insurance,20171016,3784
2263969,4236363,N,42786,Evening,0.864583333,Rabat Street,Deterioration,Sudden deviation,Raining,Temple - disorganized,28,20 - 29,M,Medium,39315,,Has not examined,Non-user,2016,With Oriental Insurance,20171016,3784
2259777,4229366,N,42787,Morning,0.364583333,Abu Bakr Alseddeek street,Shocked - vehicle,Lack of commitment to walk line,Sunny,Temple - Dry,30,30 - 39,F,Little,40184,,Has not examined,user,2012,Integrating Dubai Insurance,20171016,3784
2260958,4231351,N,42787,Morning,0.444444444,Bani Yas Street,Shocked - vehicle,Not leaving enough distance,Sunny,Temple - Dry,28,20 - 29,M,Little,41617,Bartender (Gerson),Has not examined,unknown,2012,Falcon National Insurance,20171016,3784
2260660,4230853,N,42788,Morning,0.458333333,Emirates Road,Shocked - vehicle,Not leaving enough distance,Sunny,Temple - Dry,26,20 - 29,M,Medium,41358,,unknown,user,1997,Integrating Dubai Insurance,20171016,3784
2262789,4234422,N,42788,Morning,0.34375,Sih Street Peace,Shocked - vehicle,Not leaving enough distance,Sunny,temple,41,40 - 49,M,Medium,39902,bus driver,Has not examined,user,2010,Qatar Insurance,20171016,3784
2261303,4231953,N,42789,Morning,0.427083333,Sheikh Rashid Road,Deterioration,Sudden deviation,Sunny,Temple - Dry,37,30 - 39,F,Little,41504,Driver light vehicle,Has not examined,user,2015,Lake National Insurance,20171016,3784
2262535,4233959,N,42791,Afternoon,0.666666667,Aweer Street,Shocked - vehicle,Not leaving enough distance,Sunny,Temple - Dry,45,40 - 49,M,Little,41156,,Has not examined,user,2011,Omani Qatari Insurance,20171016,3784
2267216,4241916,N,42793,Early Afternoon,0.5625,Emirates Road,Shocked - vehicle,Stand in the middle of the road,Sunny,Temple - Dry,37,30 - 39,M,Medium,38753,Sellers of vehicles,Has not examined,unknown,2003,Dhafra Insurance,20171016,3784
2266278,4240292,N,42794,Night,0.970138889,Al Wasl Road,Shocked - vehicle,Sudden deviation,Sunny,Temple - Dry,28,20 - 29,M,Medium,42176,Normal factor,Has not examined,Non-user,2012,Integrating Dubai Insurance,20171016,3784
2273922,4253512,N,42794,Early Evening,0.770833333,Jebel Ali Soot Street,Shocked - vehicle,Not leaving enough distance,Sunny,Temple - Dry,24,20 - 29,M,Medium,42200,Driver,Has not examined,user,1996,Ahlia,20171016,3784
2279203,4262579,N,#########,Late Night,0.098611111,El-Shikh Zayed street,Shocked - vehicle,Not leaving enough distance,Sunny,Temple - Dry,22,20 - 29,M,Medium,41538,Students in military schools,Has not examined,user,2016,Charter Takaful Insurance Company PSC Dubai Branch,20171016,3784
2276281,4257521,N,#########,Night,0.96875,Al Wasl Road,Shocked - vehicle,Not leaving enough distance,Sunny,Temple - Dry,22,20 - 29,M,Little,42104,Vendor,Has not examined,Non-user,2015,Takaful House,20171016,3784
2268776,4244693,N,#########,Night,0.895833333,M Street Building,Shocked - vehicle,Sudden deviation,Sunny,Temple - Dry,80,80- 89,M,Medium,33051,General Doctor,Has not examined,unknown,2014,Fujairah National Insurance,20171016,3784
2267444,4242321,N,#########,Night,0.888888889,Baghdad-Amman intersection,Shocked - vehicle,Overspeed,Sunny,Temple - Dry,37,30 - 39,M,Medium,,,Has not examined,unknown,2013,Al Ain Ahlia Insurance,20171016,3784
2286658,4275150,N,#########,Night,0.979166667,Aweer Street,Shocked pier,Market frivolously and recklessness,Sunny,Temple - Dry,21,20 - 29,M,Little,41899,Student,Has not examined,user,2009,Integrating Dubai Insurance,20171016,3784
2264677,4237506,N,#########,Late Night,0,Manama Street,Shocked - vehicle,Sudden deviation,Sunny,Temple - Dry,43,40 - 49,M,death,41976,Public Accountant,unknown,unknown,2016,Dubai National Insurance,20171016,3784
2267385,4242223,N,#########,Early Morning,0.194444444,"The intersection of Beirut, Amman",Shocked - vehicle,Driving under the influence of alcohol,Sunny,Temple - Dry,33,30 - 39,M,Severe,,,drunk,unknown,2016,Al Wathba National Insurance,20171016,3784
2266680,4240973,N,#########,Afternoon,0.666666667,Zabeel Road,Shocked - vehicle,Lack of commitment to walk line,Sunny,Temple - Dry,28,20 - 29,M,Little,42353,Bartender (Gerson),unknown,Non-user,2017,Takaful House,20171016,3784
2265274,4238534,N,#########,Late Night,0.020833333,Al Maktoum Street,Shocked - vehicle,Sir Unlike Sir,Sunny,Temple - Dry,23,20 - 29,M,Little,40870,,Has not examined,unknown,2016,Charter Company for Takaful Insurance,20171016,3784
2266683,4240981,N,#########,Early Morning,0.180555556,Tunnel driving,Deterioration,Driving under the influence of alcohol,Sunny,Temple - Dry,38,30 - 39,M,Little,39218,Security officer,drunk,unknown,2016,Royal & Sun Alliance Insurance Middle East,20171016,3784
2269919,4246681,N,#########,Afternoon,0.666666667,Happiness street,Shocked - vehicle,Sudden deviation,Sunny,Temple - Dry,24,20 - 29,M,Little,42085,,Has not examined,Non-user,2015,Integrating Dubai Insurance,20171016,3784
2274354,4254218,N,#########,Early Morning,0.15625,Tunis street,Shocked - vehicle,Not leaving enough distance,Sunny,Temple - Dry,25,20 - 29,M,Little,40609,Student,Has not examined,unknown,2016,Al Wathba National Insurance,20171016,3784
2275511,4256173,N,#########,Morning,0.388888889,Oud Metha Road,Rammed an iron barrier,Sudden deviation,Sunny,Temple - Dry,24,20 - 29,M,Medium,41330,Students in military schools,Has not examined,unknown,2007,Charter Takaful Insurance Company PSC Dubai Branch,20171016,3784
2278223,4260952,N,#########,Early Morning,0.135416667,Umm Suqeim Street Services,Rammed the gate,Sudden deviation,Sunny,Temple - Dry,23,20 - 29,M,Medium,41289,Student,Has not examined,unknown,2009,Falcon National Insurance,20171016,3784
2268487,4244165,N,#########,Evening,0.864583333,Nouakchott Street,Deterioration,Sudden deviation,Sunny,temple,25,20 - 29,M,Medium,40341,Student,Has not examined,unknown,2005,Integrating Dubai Insurance,20171016,3784
2272879,4251728,N,#########,Night,0.916666667,Emirates Road,Shocked - vehicle,Not leaving enough distance,Sunny,Temple - Dry,52,50 - 59,M,Medium,37818,,Has not examined,user,2008,National General Insurance Company (Public Joint Stock Company),20171016,3784
2275463,4256093,N,#########,Early Afternoon,0.611111111,Field Street,Deterioration,Sudden deviation,Sunny,Temple - Dry,37,30 - 39,M,Little,41705,truck driver,Has not examined,unknown,1996,Dubai National Insurance,20171016,3784
2305238,4306945,N,42807,Early Morning,0.28125,Share Street,Deterioration,Sudden deviation,Sunny,Temple - Dry,42,40 - 49,M,Medium,39834,Sandwich maker (sandwich),Has not examined,Non-user,2017,Takaful House (PSC),20171016,3784
2275436,4256049,N,42809,Late Night,0.034722222,Horse Street,Shocked pier,Sudden deviation,Sunny,Temple - Dry,34,30 - 39,M,Medium,37209,.Employee,Has not examined,unknown,2012,Arabian Scandinavian Insurance,20171016,3784
2273408,4252628,N,42809,Early Morning,0.263888889,Jebel Ali port area,Shocked - vehicle,Before entering into the street to make sure that it is free,Sunny,Temple - Dry,52,50 - 59,M,Little,37333,Driver,Has not examined,user,2009,safety,20171016,3784
2273429,4252666,N,42809,Evening,0.854166667,Dubai Financial Center Street,Shocked - vehicle,Not leaving enough distance,Sunny,Temple - Dry,21,20 - 29,M,Little,42286,Student,Has not examined,user,2012,Arab Insurance,20171016,3784
2273460,4252717,N,42809,Afternoon,0.708333333,Council roundabout,Deterioration,Neglect and lack of attention,Sunny,Temple - Dry,35,30 - 39,M,Medium,40181,truck driver,Has not examined,user,2009,Dubai National Insurance,20171016,3784
2273809,4253298,N,42809,Late Night,0.05,Garhoud Bridge,Shocked - vehicle,Not leaving enough distance,Sunny,Temple - Dry,24,20 - 29,M,Little,40580,Students in military schools,Has not examined,user,2012,Noor Takaful General PJSC,20171016,3784
2276335,4257610,N,42811,Night,0.944444444,264 Second Muhaisnah,Shocked - vehicle,Sir Unlike Sir,Sunny,Temple - Dry,48,40 - 49,M,death,40007,Building carpenter,Has not examined,unknown,2013,Noor Takaful General PJSC,20171016,3784
2274797,4254971,N,42811,Early Morning,0.284722222,Sheikh Mohammed Bin Zayed Road,Shocked - vehicle,Not leaving enough distance,Sunny,Temple - Dry,58,50 - 59,M,Little,30006,.Employee,Has not examined,user,2013,Abu Dhabi National Insurance,20171016,3784
2275672,4256463,N,42812,Early Morning,0.284722222,Jumeirah Street,Shocked - vehicle,Sudden deviation,Sunny,Temple - Dry,21,20 - 29,M,Medium,41988,Student,Has not examined,unknown,2009,Al Ain Ahlia Insurance,20171016,3784
2273334,4252499,N,42814,Morning,0.447916667,El-Shikh Zayed street,Shocked - vehicle,Sudden deviation,Sunny,Temple - Dry,55,50 - 59,F,Severe,39188,Housewife,Has not examined,unknown,2014,Union Insurance Company,20171016,3784
2274905,4255148,N,42815,Morning,0.333333333,Sheikh Mohammed Bin Zayed Road,Shocked - vehicle,Not leaving enough distance,Raining,Temple - Dry,23,20 - 29,M,Medium,37171,Employee,Has not examined,user,1995,Charter Company for Takaful Insurance,20171016,3784
2287329,4276320,N,42815,Morning,0.347222222,Bridge Street Field,Shocked panel guidelines,Sudden deviation,Raining,Temple - disorganized,20,20 - 29,M,Medium,42320,Students in military schools,Has not examined,unknown,2016,Dubai Insurance,20171016,3784
2280934,4265436,N,42815,Afternoon,0.642361111,Jebel Ali port area,Shocked pier,Overspeed,Sunny,Temple - Dry,27,20 - 29,M,Medium,41892,,Has not examined,unknown,2010,Emirates Insurance,20171016,3784
2279353,4262815,N,42815,Afternoon,0.6875,Sheikh Mohammed Bin Zayed Road,Shocked - vehicle,Not leaving enough distance,Sunny,Temple - Dry,26,20 - 29,M,Medium,,,Non-users,user,2015,Integrating Dubai Insurance,20171016,3784
2274246,4254052,N,42816,Morning,0.447916667,Jebel Ali Soot Street,Shocked - vehicle,Not leaving enough distance,Sunny,Temple - Dry,44,40 - 49,M,Severe,41548,Haddad doors Aluminum,Has not examined,unknown,1997,Arab Insurance,20171016,3784
2289128,4279425,N,42817,Night,0.9375,Sheikh Mohammed Bin Zayed Road,Shocked - vehicle,Not leaving enough distance,Sunny,Temple - Dry,52,50 - 59,M,Little,42081,truck driver,Has not examined,user,2015,Jordan Insurance,20171016,3784
2276743,4258338,N,42817,Night,0.948611111,Horse Street,Rammed an iron barrier,Sudden deviation,Sunny,Temple - Dry,24,20 - 29,M,Medium,40906,Students in military schools,Has not examined,Non-user,2012,Al Ain Ahlia Insurance,20171016,3784
2287269,4276216,N,42818,Morning,0.3125,El-Shikh Zayed street,Shocked - vehicle,Sudden deviation,Sunny,Temple - Dry,27,20 - 29,M,Severe,41914,Vendor,Has not examined,unknown,2011,The New India Insurance,20171016,3784
2292420,4285045,N,42820,Late Night,0.114583333,DIP first,Deterioration,Overspeed,Sunny,Temple - Dry,25,20 - 29,M,Little,40482,Student,Has not examined,user,2013,Abu Dhabi National Insurance,20171016,3784
2277523,4259723,N,42821,Early Evening,0.770833333,The intersection of the port,Shocked - vehicle,Not leaving enough distance,Sunny,Temple - Dry,26,20 - 29,M,Little,42417,Barbers,unknown,Non-user,2006,Qatar Insurance,20171016,3784
2277912,4260373,N,42823,Night,0.895833333,Emirates Road,Shocked - vehicle,Not leaving enough distance,Sunny,temple,37,30 - 39,M,death,38277,truck driver,Has not examined,unknown,2016,American Home Assurance Company (Dubai Branch),20171016,3784
2278644,4261657,N,42823,Afternoon,0.708333333,Dubai Investments Park II,Shocked - vehicle,Lack of commitment to walk line,Sunny,Temple - Dry,30,30 - 39,M,Medium,40357,Normal factor,Has not examined,Non-user,2014,Wathba National Insurance,20171016,3784
2289960,4280869,N,42824,Evening,0.802083333,Sheikh Mohammed Bin Zayed Road,Shocked - vehicle,Sudden deviation,Sunny,Temple - Dry,25,20 - 29,M,Little,42470,,unknown,unknown,2011,Charter Company for Takaful Insurance,20171016,3784
2286093,4274151,N,42824,Afternoon,0.645833333,Second Zabeel Road,Shocked - vehicle,Not leaving enough distance,Sunny,Temple - Dry,38,30 - 39,F,Little,36396,Student,Has not examined,user,2014,Dubai Insurance,20171016,3784
2281450,4266319,N,42825,Morning,0.479166667,Ras Al Khor Road,Shocked - vehicle,Sudden deviation,Sunny,Temple - Dry,35,30 - 39,M,Little,41540,Driver,Has not examined,user,2014,Oman Insurance Company - Abu Dhabi Branch,20171016,3784
2282524,4268069,N,42825,Night,0.947916667,Intersection of happiness,Shocked - vehicle,Bypass the red light,Sunny,Temple - Dry,48,40 - 49,M,Little,38137,District official,Has not examined,user,2007,Fujairah National Insurance,20171016,3784
2281228,4265946,N,#########,Early Afternoon,0.576388889,Emirates Road,Rammed an iron barrier,Sudden deviation,Sunny,Temple - Dry,30,30 - 39,M,Severe,41340,Mechanical Maintenance Assistant,Has not examined,unknown,2012,Oman Insurance,20171016,3784
2280932,4265433,N,#########,Night,0.895833333,Jebel Ali port area,Deterioration,Sudden deviation,Sunny,Temple - Dry,33,30 - 39,M,Little,41945,Computer programmer,Has not examined,user,2014,With Oriental Insurance,20171016,3784
2286123,4274208,N,#########,Morning,0.46875,El-Shikh Zayed street,Shocked - vehicle,Not leaving enough distance,Sunny,Temple - Dry,37,30 - 39,M,Little,42123,partner,unknown,unknown,2016,Union Insurance Company,20171016,3784
2296235,4291532,N,#########,Late Night,0.072916667,Al Wasl Road,Shocked - vehicle,Not leaving enough distance,Sunny,Temple - Dry,25,20 - 29,M,Little,40511,,Has not examined,Non-user,2011,Charter Takaful Insurance Company PSC Dubai Branch,20171016,3784
2281928,4267120,N,#########,Evening,0.858333333,El-Shikh Zayed street,Shocked - vehicle,Not leaving enough distance,Sunny,Temple - Dry,29,20 - 29,F,Little,41734,Vendor,Has not examined,user,2011,American Home Assurance Company (Dubai Branch),20171016,3784
2297219,4293194,N,#########,Night,0.923611111,El-Shikh Zayed street,Shocked - vehicle,Driving under the influence of alcohol,Sunny,Temple - Dry,64,42 - 49,M,Little,27254,.Employee,drunk,unknown,2008,The New India Insurance,20171016,3784
2281580,4266550,N,#########,Night,0.958333333,Dubai Eye Street,Shocked - vehicle,Not leaving enough distance,Sunny,Temple - Dry,37,30 - 39,M,death,40629,,Has not examined,unknown,2006,Arab Insurance,20171016,3784
2281447,4266313,N,#########,Morning,0.329861111,Share Street,Rammed a concrete barrier,Sudden deviation,Sunny,Temple - Dry,22,20 - 29,M,Medium,41812,Student,Has not examined,unknown,2013,Abu Dhabi National Insurance,20171016,3784
2284183,4270841,N,42838,Night,0.993055556,Bridge Sheikh Rashid Road Al Maktoum Road,Deterioration,Sudden deviation,Sunny,Temple - Dry,32,30 - 39,M,Severe,42787,Other manual packaging workers and industry,Has not examined,Non-user,2016,With Oriental Insurance,20171016,3784
2285011,4272264,N,42838,Early Evening,0.763888889,Amman Street,Shocked - vehicle,Not leaving enough distance,Sunny,Temple - Dry,25,20 - 29,M,Medium,42458,Falafel Maker,Has not examined,Non-user,2017,"Orient Insurance Company, a public shareholding",20171016,3784
2289255,4279644,N,42841,Morning,0.385416667,369 Al Quoz Industrial Area IV,Shocked - vehicle,Not leaving enough distance,Sunny,Temple - Dry,44,40 - 49,M,Medium,39307,guard,Has not examined,unknown,2014,Oman Insurance,20171016,3784
2348298,4379619,N,42843,Early Morning,0.145833333,Serenity Bridge Street Dubai Financial Street,Shocked pier,Sudden deviation,Sunny,Temple - Dry,23,20 - 29,M,Medium,40962,Students in military schools,Has not examined,unknown,2014,Arabian Scandinavian Insurance,20171016,3784
2287071,4275872,N,42844,Night,0.958333333,Sheikh Mohammed Bin Zayed Road,Deterioration,Driving under the influence of alcohol,Sunny,Temple - Dry,37,30 - 39,F,Little,38517,Starter reception in,drunk,user,2016,Lake National Insurance,20171016,3784
2288219,4277815,N,42845,Morning,0.385416667,Emirates Road,Shocked - vehicle,Sudden deviation,Sunny,temple,32,30 - 39,M,Little,42472,,Has not examined,user,2002,Oman Insurance Company - Abu Dhabi Branch,20171016,3784
2290341,4281567,N,42848,Afternoon,0.645833333,Capacity area,Rammed an iron barrier,Driving under the influence of alcohol,Sunny,sandy,36,30 - 39,M,death,40427,Server / maid and house managers,drunk,unknown,2012,Arab Insurance,20171016,3784
2288455,4278210,N,42848,Late Night,0.010416667,Sheikh Mohammed Bin Zayed Road,Shocked - vehicle,Not leaving enough distance,Sunny,Temple - Dry,42,40 - 49,M,Medium,39492,Sales executive,Has not examined,Non-user,2010,Royal & Sun Alliance Insurance Middle East,20171016,3784
2290573,4281919,N,42849,Morning,0.427083333,Emirates Road,Shocked - vehicle,Not leaving enough distance,Sunny,Temple - Dry,36,30 - 39,M,Medium,41925,Normal factor,Has not examined,unknown,2007,Union Insurance,20171016,3784
2304027,4304793,N,42849,Evening,0.8125,Hatta Road Dubai,Shocked - animal,Neglect and lack of attention,Sunny,Temple - Dry,35,30 - 39,M,Little,39728,Driver,Has not examined,user,2015,Company Fujairah National Insurance,20171016,3784
2290565,4281909,N,42850,Early Morning,0.256944444,Jebel Ali Soot Street,Shocked - vehicle,Sudden deviation,Sunny,Temple - Dry,59,50 - 59,M,Medium,35014,,Has not examined,unknown,2005,Falcon National Insurance,20171016,3784
2292985,4286040,N,42855,Night,0.902777778,University City Street,Shocked - vehicle,Lack of commitment to walk line,Sunny,Temple - Dry,29,20 - 29,M,Little,39048,Students in military schools,unknown,unknown,2008,Treasury Insurance,20171016,3784
2291867,4284126,N,42855,Early Morning,0.1875,Dubai Eye Street,Rammed an iron barrier,Driving under the influence of alcohol,Sunny,Temple - Dry,23,20 - 29,M,Little,40709,,drunk,unknown,2010,Abu Dhabi National Takaful,20171016,3784
2308227,4311924,N,#########,Early Morning,0.125,Horse Street,Deterioration,Sudden deviation,Sunny,Temple - Dry,22,20 - 29,M,Medium,41461,,Has not examined,Non-user,2009,Al Ain Ahlia Insurance,20171016,3784
2301127,4299817,N,#########,Morning,0.291666667,Horse Street,Shocked - vehicle,Not leaving enough distance,Sunny,Temple - Dry,35,30 - 39,F,Little,39669,student,Has not examined,user,2015,Treasury Insurance,20171016,3784
2300445,4298655,N,#########,Late Night,0.020833333,Satwa Street,Rammed an iron barrier,Sudden deviation,Sunny,Temple - Dry,28,20 - 29,M,Little,39709,Student,Has not examined,unknown,2015,The New India Insurance,20171016,3784
2297232,4293224,N,#########,Late Night,0.027777778,First Horse Road,Shocked - vehicle,Not leaving enough distance,Sunny,Temple - Dry,36,30 - 39,M,Medium,38819,diesel mechanic,Has not examined,unknown,2013,The New India Insurance,20171016,3784
2297217,4293177,N,#########,Early Evening,0.75,The intersection of the Dubai Financial Center,Shocked - vehicle,Bypass the red light,Sunny,Temple - Dry,38,30 - 39,M,Little,39811,Follower writer,Has not examined,user,2013,The National Union,20171016,3784
2293303,4286606,N,#########,Morning,0.479166667,Jebel Ali Soot Street,Shocked - vehicle,Not leaving enough distance,Sunny,Temple - Dry,71,70 - 79,M,death,31579,,Has not examined,unknown,2009,Al Khazna Insurance Company PSC,20171016,3784
2296330,4291668,N,#########,Early Morning,0.166666667,124 Muraqqabat area,Shocked - wall,Driving under the influence of alcohol,Sunny,Temple - Dry,25,20 - 29,M,Medium,42343,Vendor,drunk,unknown,2011,Treasury Insurance,20171016,3784
2296343,4291683,N,#########,Night,0.958333333,The intersection of Al Baraha Hospital,Shocked - vehicle,Bypass the red light,Sunny,Temple - Dry,34,30 - 39,M,Little,41256,Drivers of small cars and light transport,Non-users,user,2013,Wathba National Insurance,20171016,3784
2294408,4288489,N,#########,Early Morning,0.159722222,Or second Hurair,Shocked panel guidelines,Sudden deviation,Sunny,Temple - Dry,25,20 - 29,M,Little,40261,Students in military schools,unknown,unknown,2015,Al Hilal Takaful Company PSC,20171016,3784
2300475,4298715,N,#########,Early Afternoon,0.5625,Horse Street,Shocked - vehicle,Not leaving enough distance,Sunny,Temple - Dry,30,30 - 39,F,Little,40805,Follower writer,Has not examined,unknown,2012,Union Insurance,20171016,3784
2300522,4298800,N,#########,Early Evening,0.774305556,Safa Street,Shocked - vehicle,Not leaving enough distance,Sunny,Temple - Dry,30,30 - 39,F,Little,40374,student,Has not examined,Non-user,2011,Alliance Insurance,20171016,3784
2296751,4292370,N,#########,Early Afternoon,0.597222222,The intersection of Bourne,Shocked - vehicle,Wrong rotation,Sunny,Temple - Dry,34,30 - 39,M,Little,39622,Models Fashion Show,Has not examined,user,2013,Treasury Insurance,20171016,3784
2298341,4295091,N,#########,Evening,0.819444444,Emirates Road,Shocked - animal,Neglect and lack of attention,Sunny,Temple - Dry,30,30 - 39,M,Little,38238,Lieutenant / 2,Has not examined,user,2016,Al Ain Ahlia Insurance,20171016,3784
2297279,4293306,N,#########,Early Morning,0.125,El-Shikh Zayed street,Shocked - vehicle,Not leaving enough distance,Sunny,Temple - Dry,20,20 - 29,M,Little,42304,,Abusers of alcohol,Non-user,2010,Al Khazna Insurance Company PSC,20171016,3784
2306456,4309043,N,#########,Late Night,0.115972222,Aweer initial,Shocked - Tree,Sudden deviation,Sunny,Temple - Dry,35,30 - 39,M,Medium,40475,,Has not examined,user,2011,Falcon National Insurance,20171016,3784
2298476,4295350,N,#########,Early Afternoon,0.572916667,Sheikh Mohammed Bin Zayed Road,Shocked - vehicle,Not leaving enough distance,Sunny,Temple - Dry,26,20 - 29,M,Medium,40001,,drunk,unknown,2013,Integrating Dubai Insurance,20171016,3784
2299395,4296923,N,42870,Early Morning,0.25,Asayil Street,Deterioration,Driving under the influence of alcohol,Sunny,Temple - Dry,31,30 - 39,M,Little,40864,Carpenter Furniture,drunk,unknown,2014,Lake National Insurance,20171016,3784
2304408,4305471,N,42871,Evening,0.854166667,Ranches Street,Shocked - vehicle,Not leaving enough distance,Sunny,Temple - Dry,59,50 - 59,M,Medium,33464,Teachers Assistants Others,Has not examined,Non-user,2005,Oman Insurance,20171016,3784
2304526,4305705,N,42872,Morning,0.451388889,Horse Street,Rammed an iron barrier,Sudden deviation,Sunny,Temple - Dry,49,40 - 49,M,Little,38449,truck driver,Has not examined,user,2008,Lake National Insurance,20171016,3784
2306436,4309011,N,42872,Night,0.979166667,Al Khawaneej Road,Shocked - vehicle,Not leaving enough distance,Sunny,Temple - Dry,49,40 - 49,M,Medium,35802,,Has not examined,user,2013,Dubai Insurance,20171016,3784
2316061,4325286,N,42875,Early Morning,0.163194444,Emirates Road,Rammed an iron barrier,Sudden deviation,Sunny,Temple - Dry,23,20 - 29,M,Medium,42026,Repairman vehicle tires,Has not examined,Non-user,2017,"Orient Insurance Company, a public shareholding",20171016,3784
2302661,4302461,N,42875,Morning,0.375,University City Street,Shocked - vehicle,Driving under the influence of alcohol,Sunny,temple,39,30 - 39,M,Severe,36540,does not work,drunk,unknown,2007,Arabian Scandinavian Insurance,20171016,3784
2303597,4304016,N,42875,Morning,0.454166667,Emirates Road,Shocked - vehicle,Not leaving enough distance,Sunny,Temple - Dry,23,20 - 29,M,Severe,42582,Other personal services workers,unknown,user,2000,Arab Insurance,20171016,3784
2302981,4302966,N,42876,Early Morning,0.21875,Ras Al Khor Road,Shocked - vehicle,Driving under the influence of alcohol,Sunny,Temple - Dry,34,30 - 39,M,Medium,36989,,drunk,unknown,2008,Oman Insurance,20171016,3784
2306625,4309297,N,42876,Afternoon,0.743055556,Dubai Eye Street,fire,Neglect and lack of attention,Sunny,Temple - Dry,44,40 - 49,M,Little,37749,A major computer player,Has not examined,user,2013,safety,20171016,3784
2303013,4303006,N,42876,Evening,0.868055556,Emirates Road,Shocked - vehicle,Not leaving enough distance,Sunny,Temple - Dry,27,20 - 29,M,death,39324,,unknown,unknown,2016,Qatar Tamen- Abu Dhabi,20171016,3784
2304458,4305580,N,42876,Early Morning,0.251388889,Dubai Eye Street,Deterioration,Frame explosion,Sunny,Temple - Dry,43,40 - 49,M,death,39947,truck driver,unknown,unknown,2013,Emirates Insurance,20171016,3784
2306462,4309046,N,42876,Afternoon,0.6875,Emirates Road,Shocked - vehicle,Not leaving enough distance,Sunny,Temple - Dry,25,20 - 29,M,Medium,37975,,Has not examined,user,2014,Royal & Sun Alliance Insurance Middle East,20171016,3784
2305503,4307408,N,42877,Evening,0.867361111,Emirates Road,Shocked - vehicle,Not leaving enough distance,Sunny,Temple - Dry,26,20 - 29,M,Medium,41171,Plumber,Has not examined,user,2015,Dubai National Insurance,20171016,3784
2310657,4316053,N,42881,Late Night,0.041666667,Intersection Warqaa,Shocked - vehicle,Bypass the red light,Sunny,Temple - Dry,54,50 - 59,F,Little,37795,Housewife,Has not examined,user,2016,Oman Insurance,20171016,3784
2317460,4327669,N,42881,Afternoon,0.708333333,Sheikh Mohammed Bin Zayed Road,Shocked - vehicle,Lack of commitment to walk line,Sunny,Temple - Dry,52,50 - 59,F,Little,35879,,Has not examined,unknown,2013,Orient Insurance,20171016,3784
2305716,4307765,N,42881,Early Morning,0.135416667,Emirates Road,Shocked - vehicle,Not leaving enough distance,Sunny,Temple - Dry,19, 10 - 19,M,Medium,42374,,unknown,user,2012,Wathba National Insurance,20171016,3784
2315541,4324408,N,42881,Late Night,0.006944444,Capacity Street,Deterioration,Overspeed,Sunny,Temple - Dry,20,20 - 29,F,Medium,42330,,Has not examined,Non-user,2016,Royal & Sun Alliance Insurance Middle East,20171016,3784
2326285,4342581,N,42882,Afternoon,0.625,First Horse Road,Shocked pier,Neglect and lack of attention,Sunny,Temple - Dry,27,20 - 29,M,Medium,41571,,Has not examined,user,2014,Combine Limited Insurance Company,20171016,3784
2307125,4310146,N,42883,Early Morning,0.225694444,The intersection of Oasis,Shocked - vehicle,Bypass the red light,Sunny,Temple - Dry,35,30 - 39,M,Severe,41657,bus driver,Has not examined,unknown,2016,Dubai National Insurance,20171016,3784
2309233,4313574,N,42883,Early Morning,0.201388889,Sheikh Mohammed Bin Zayed Road,Shocked - vehicle,Not leaving enough distance,Sunny,Temple - Dry,58,50 - 59,M,Medium,39819,,Has not examined,Non-user,2001,Falcon National Insurance,20171016,3784
2321376,4334164,N,42883,Morning,0.409722222,El-Shikh Zayed street,Rammed a concrete barrier,Sudden deviation,Sunny,Temple - Dry,27,20 - 29,M,Little,,,unknown,unknown,2005,With Oriental Insurance,20171016,3784
2315531,4324379,N,42883,Morning,0.3125,Emirates Road,Deterioration,Sudden deviation,Sunny,Temple - Dry,22,20 - 29,M,Little,42794,Driver,Has not examined,user,2015,safety,20171016,3784
2313370,4320777,N,#########,Late Night,0,Jebel Ali Village,Shocked - vehicle,Driving under the influence of alcohol,Sunny,Temple - Dry,42,40 - 49,M,Little,42922,visitor,drunk,unknown,2016,Dubai Islamic Insurance,20171016,3784
2315870,4324946,N,#########,Early Evening,0.770833333,325 Zabeel area,Shocked - vehicle,Sudden deviation,Sunny,Temple - Dry,21,20 - 29,F,Little,42172,Students in military schools,Has not examined,unknown,2015,Integrating Dubai Insurance,20171016,3784
2315885,4324980,N,#########,Night,0.958333333,359 Al Quoz fourth,Shocked - vehicle,Sudden deviation,Sunny,Temple - Dry,25,20 - 29,M,Little,42297,,Has not examined,unknown,2015,Oman Insurance,20171016,3784
2316293,4325696,N,#########,Early Afternoon,0.618055556,Alelaas Street,Shocked - Lighting column,Sudden deviation,Sunny,Temple - Dry,31,30 - 39,M,Medium,43041,,unknown,user,2014,Integrating Dubai Insurance,20171016,3784
2317485,4327703,N,#########,Morning,0.4375,245 Muhaisnah fourth,Shocked - vehicle,Sudden deviation,Sunny,Temple - Dry,37,30 - 39,F,Little,40556,Housewife,Has not examined,unknown,2004,With Oriental Insurance,20171016,3784
2313178,4320434,N,#########,Early Morning,0.1875,424 Warqaa fourth area,Shocked - vehicle,Driving under the influence of drugs,Sunny,Temple - Dry,21,20 - 29,M,Little,,,Drug users,Non-user,2002,Dhafra Insurance,20171016,3784
2322761,4336535,N,42900,Afternoon,0.708333333,Emirates Road,Shocked - vehicle,Not leaving enough distance,Sunny,Temple - Dry,51,50 - 59,M,Little,36956,,Has not examined,user,2015,Falcon National Insurance,20171016,3784
2321244,4333943,N,42901,Afternoon,0.6875,Emirates Road,Shocked - vehicle,Not leaving enough distance,Sunny,Temple - Dry,27,20 - 29,M,Medium,41639,,Has not examined,user,2008,Emirates Insurance Company,20171016,3784
2322779,4336576,N,42901,Early Afternoon,0.583333333,El-Shikh Zayed street,Shocked - vehicle,Not leaving enough distance,Sunny,Temple - Dry,24,20 - 29,M,Severe,41942,Building bricks,Has not examined,Non-user,2014,Wathba National Insurance,20171016,3784
2315115,4323706,N,42902,Early Morning,0.229166667,Aweer Street,Rammed a concrete barrier,Driving under the influence of alcohol,Sunny,Temple - Dry,36,30 - 39,M,Little,42635,Automatic control industry equipment officer,drunk,Non-user,2009,Charter Takaful Insurance Company PSC Dubai Branch,20171016,3784
2315116,4323708,N,42902,Late Night,0.117361111,Emirates Road,Shocked - vehicle,Not leaving enough distance,Sunny,Temple - Dry,24,20 - 29,M,Medium,40886,,unknown,unknown,2012,Arabian Scandinavian Insurance,20171016,3784
2323532,4337866,N,42907,Night,0.916666667,Radio roundabout,Shocked - vehicle,Bypass the red light,Sunny,Temple - Dry,22,20 - 29,M,Little,42980,Employee,unknown,Non-user,2015,Union Insurance,20171016,3784
2322251,4335643,N,42908,Afternoon,0.635416667,El-Shikh Zayed street,Rammed an iron barrier,Sudden deviation,Sunny,Temple - Dry,56,50 - 59,M,Medium,38706,Quality Control Manager,Has not examined,user,2008,Oman Insurance Company - Abu Dhabi Branch,20171016,3784
2322869,4336726,N,42908,Early Morning,0.180555556,El-Shikh Zayed street,Rammed a concrete barrier,Sudden deviation,Sunny,Temple - Dry,42,40 - 49,M,Medium,39643,Architect,Has not examined,unknown,2016,Dubai Insurance,20171016,3784
2319915,4331774,N,42910,Early Morning,0.152777778,Zabeel Road,Shocked pier,Sudden deviation,Sunny,Temple - Dry,29,20 - 29,M,Little,42603,Conditioning and cooling technician / installation,unknown,unknown,2016,Charter Company for Takaful Insurance,20171016,3784
2321840,4334966,N,42910,Early Morning,0.239583333,Second Zabeel Road,Shocked - Tree,Sudden deviation,Sunny,Temple - Dry,25,20 - 29,M,Little,41815,,Has not examined,user,2009,Ever Oriental Insurance Company,20171016,3784
2322899,4336779,N,42911,Early Afternoon,0.614583333,Horse Street,Rammed a concrete barrier,Sudden deviation,Sunny,Temple - Dry,29,20 - 29,M,Medium,,,Has not examined,unknown,2009,Al Hilal Takaful Company PSC,20171016,3784
2322468,4336023,N,42915,Early Morning,0.229166667,Horse Street,Shocked - vehicle,Not leaving enough distance,Sunny,Temple - Dry,31,30 - 39,M,Little,40527,Agricultural worker,Has not examined,unknown,2012,Oman Insurance,20171016,3784
2323525,4337849,N,#########,Afternoon,0.659722222,Umm Suqeim Street,Shocked - vehicle,Not leaving enough distance,Sunny,Temple - Dry,33,30 - 39,M,Medium,38264,Student,Has not examined,unknown,2010,National Insurance Company,20171016,3784
2321565,4334495,N,#########,Early Morning,0.264583333,Ibn Battuta Street,Rammed an iron barrier,Overspeed,Sunny,Temple - Dry,20,20 - 29,M,Little,13233,visitor,Has not examined,user,2016,Falcon National Insurance,20171016,3784
2325995,4342091,N,#########,Night,0.913194444,The intersection of Cooperative Association,Shocked - vehicle,Bypass the red light,Sunny,Temple - Dry,53,50 - 59,M,Medium,,,Has not examined,unknown,2016,Union Insurance Company,20171016,3784
2325261,4340820,N,#########,Afternoon,0.65625,Sheikh Rashid Road,Shocked - vehicle,Sudden deviation,Sunny,Temple - Dry,35,30 - 39,M,Little,41907,Follower writer,unknown,Non-user,2013,Charter Takaful Insurance Company PSC Dubai Branch,20171016,3784
2325366,4341030,N,#########,Night,0.932638889,Union Street,Shocked - vehicle,Sudden deviation,Sunny,Temple - Dry,29,20 - 29,M,Little,42889,Other personal services workers,unknown,unknown,2008,Al Hilal Takaful Company PSC,20171016,3784
2329957,4348845,N,#########,Morning,0.333333333,Amman Street,Deterioration,Neglect and lack of attention,Sunny,Temple - Dry,42,40 - 49,M,Little,42094,,Has not examined,unknown,2016,Al Ain Ahlia Insurance,20171016,3784
2330205,4349253,N,#########,Afternoon,0.677083333,415 Nad Al Hamar New Area,Rammed a concrete barrier,Sudden deviation,Sunny,Temple - Dry,27,20 - 29,M,Medium,42751,civil engineer,Has not examined,user,2006,Charter Takaful Insurance Company PSC Dubai Branch,20171016,3784
2331829,4352017,N,#########,Morning,0.489583333,International City,Shocked - vehicle,Lack of commitment to walk line,Sunny,Temple - Dry,27,20 - 29,M,Medium,41960,guard,Has not examined,Non-user,2015,Lake National Insurance,20171016,3784
2325809,4341808,N,#########,Early Morning,0.277777778,Tripoli Street,Deterioration,Sudden deviation,Sunny,Temple - Dry,25,20 - 29,M,Severe,40752,Student,Has not examined,unknown,2016,Al Ain Ahlia Insurance,20171016,3784
2330203,4349248,N,#########,Evening,0.854166667,Ras Al Khor Road,Shocked - vehicle,Not leaving enough distance,Sunny,Temple - Dry,39,30 - 39,M,Medium,40361,Driver light vehicle,Has not examined,user,2015,National General Insurance Company (Public Joint Stock Company),20171016,3784
2327319,4344345,N,#########,Afternoon,0.645833333,Floating bridge,Shocked - vehicle,Not leaving enough distance,Sunny,Temple - Dry,28,20 - 29,M,Little,42449,Sales Representative,Has not examined,unknown,2013,Al Hilal Takaful Company PSC,20171016,3784
2328484,4346379,N,42929,Early Evening,0.770833333,Ras Al Khor Road Services,Shocked - vehicle,Not leaving enough distance,Sunny,Temple - Dry,23,20 - 29,M,Medium,40948,Student,Has not examined,user,2016,Dubai Insurance,20171016,3784
2329693,4348417,N,42929,Evening,0.818055556,Tunnel dignity,Shocked - vehicle,Not leaving enough distance,Sunny,Temple - Dry,25,20 - 29,M,Medium,41700,motorcycle driver,Has not examined,Non-user,2015,Takaful House (PSC),20171016,3784
2330288,4349415,N,42929,Late Night,0.083333333,Dubai Eye Street,Shocked - vehicle,Not leaving enough distance,Sunny,Temple - Dry,19, 10 - 19,M,Little,42659,Student,Has not examined,user,2016,Al Ain Ahlia Insurance,20171016,3784
2333277,4354437,N,42932,Late Night,0,Emirates Road,Shocked - vehicle,Not leaving enough distance,Sunny,Temple - Dry,51,50 - 59,M,Medium,24182,,Non-users,user,2007,"Orient Insurance Company, a public shareholding",20171016,3784
2331976,4352247,N,42933,Early Morning,0.138888889,Damascus Street,Shocked - vehicle,Bypass the red light,Sunny,Temple - Dry,30,30 - 39,M,Little,38347,,Has not examined,unknown,2015,Qatar General Insurance and Reinsurance,20171016,3784
2332147,4352520,N,42934,Afternoon,0.6875,Emirates Road,Deterioration,Neglect and lack of attention,Sunny,Temple - Dry,36,30 - 39,M,Severe,36679,.Employee,Has not examined,unknown,2007,Iranian insurance,20171016,3784
2331968,4352237,N,42934,Early Morning,0.28125,Damascus Street,Deterioration,Overspeed,Sunny,Temple - Dry,24,20 - 29,M,Medium,41606,Paint buildings,Has not examined,Non-user,2013,Lake National Insurance,20171016,3784
2330794,4350282,N,42935,Morning,0.340277778,Sheikh Mohammed Bin Zayed Road,Shocked - vehicle,Not leaving enough distance,Sunny,temple,38,30 - 39,M,Medium,,"Mderoadarat Statistics, Economy and Planning",unknown,unknown,2016,safety,20171016,3784
2331775,4351920,N,42936,Early Afternoon,0.5625,The global village,Deterioration,Overspeed,Sunny,Temple - Dry,21,20 - 29,M,Little,42217,Students in military schools,Has not examined,user,2001,Wathba National Insurance,20171016,3784
2331778,4351929,N,42937,Night,0.958333333,Share Street,Rammed an iron barrier,Sudden deviation,Sunny,Temple - Dry,43,40 - 49,M,Little,39189,not working,drunk,user,2011,United Insurance,20171016,3784
2332294,4352787,N,42937,Night,0.986111111,Asayil Street,Shocked - Lighting column,Driving under the influence of alcohol,Sunny,Temple - Dry,26,20 - 29,M,Severe,42057,Longshoremen,drunk,user,2003,Qatar General Insurance and Reinsurance,20171016,3784
2336042,4359083,N,42937,Morning,0.375,El-Shikh Zayed street,Rammed a concrete barrier,Sudden deviation,Sunny,Temple - Dry,26,20 - 29,M,Severe,41072,,Has not examined,unknown,2016,Abu Dhabi National Insurance,20171016,3784
2335216,4357703,N,42938,Night,0.916666667,Sheikh Mohammed Bin Zayed Road,Shocked - vehicle,Sudden deviation,Sunny,Temple - Dry,37,30 - 39,M,Medium,,Employee,Has not examined,unknown,2017,Qatar Insurance,20171016,3784
2332397,4352954,N,42939,Morning,0.479166667,,Shocked - Lighting column,Driving under the influence of drugs and medicines,Sunny,Temple - Dry,62,42 - 49,M,death,32341,,Has not examined,Non-user,2001,Iranian insurance,20171016,3784
2333047,4354045,N,42941,Late Night,0.010416667,Sheikh Mohammed Bin Zayed Road,Shocked - vehicle,Stand in the middle of the road,Sunny,Temple - Dry,38,30 - 39,M,Severe,,,Has not examined,unknown,2014,Falcon National Insurance,20171016,3784
2335065,4357433,N,42941,Night,0.9375,Union Street,Shocked - vehicle,Neglect and lack of attention,Sunny,Temple - Dry,34,30 - 39,M,Little,42163,Account Manager,Has not examined,user,2013,Arabian Scandinavian Insurance,20171016,3784
2335441,4358096,N,42942,Night,0.947916667,Jebel Ali port area,Shocked - vehicle,Not leaving enough distance,Sunny,Temple - Dry,28,20 - 29,M,Medium,42038,truck driver,Has not examined,user,1999,Dubai National Insurance,20171016,3784
2335591,4358372,N,42944,Night,0.909722222,Happiness street,Shocked - vehicle,Overspeed,Sunny,Temple - Dry,22,20 - 29,M,Medium,41879,Drivers of small cars and light transport,Has not examined,Non-user,2017,Takaful House (PSC),20171016,3784
2335925,4358891,N,42944,Morning,0.395833333,Oud Metha Road,Shocked - vehicle,Driving under the influence of drugs,Sunny,Temple - Dry,36,30 - 39,M,Little,,partner,Drug users,unknown,2007,Dhafra Insurance,20171016,3784
2335010,4357340,N,42946,Early Morning,0.232638889,airport Street,Shocked - wall,Driving under the influence of alcohol,Sunny,Temple - Dry,24,20 - 29,M,Little,41714,,drunk,unknown,1997,With Oriental Insurance,20171016,3784
2337425,4361367,N,42947,Night,0.913194444,251 Mirdif,Shocked - vehicle,Before entering into the street to make sure that it is free,Sunny,Temple - Dry,41,40 - 49,F,Little,35479,,Has not examined,user,2012,Al Khazna Insurance Company PSC,20171016,3784
2340066,4365840,N,#########,Early Afternoon,0.569444444,Zabeel Road,Deterioration,Sudden deviation,Sunny,Temple - Dry,47,40 - 49,M,Medium,39734,Employee,Has not examined,Non-user,2016,With Oriental Insurance,20171016,3784
2335458,4358129,N,#########,Late Night,0.03125,Rolla Street,Shocked - vehicle,Driving under the influence of alcohol,Sunny,Temple - Dry,38,30 - 39,M,Little,40612,Vendor,drunk,unknown,2007,Union Insurance Company,20171016,3784
2337574,4361600,N,#########,Early Afternoon,0.552083333,Garhoud Bridge,Shocked - vehicle,Not leaving enough distance,Sunny,Temple - Dry,40,40 - 49,M,Little,40213,Employee,unknown,unknown,2015,Oman Insurance Company - Abu Dhabi Branch,20171016,3784
2338073,4362463,N,#########,Early Afternoon,0.59375,Sheikh Mohammed Bin Zayed Road,Shocked - vehicle,Not leaving enough distance,Sunny,Temple - Dry,27,20 - 29,M,Medium,41490,Employee,Has not examined,unknown,2016,Abu Dhabi National Insurance,20171016,3784
2338184,4362666,N,#########,Morning,0.291666667,Nice girl Hamdan Street,Rammed a concrete barrier,Sudden deviation,Sunny,Temple - Dry,26,20 - 29,M,Medium,42325,Private car driver,Has not examined,unknown,2012,Takaful House (PSC),20171016,3784
2338092,4362491,N,#########,Early Afternoon,0.559027778,Nad Al Sheba Road,Deterioration,Sudden deviation,Sunny,Temple - Dry,25,20 - 29,M,Severe,42846,Assistant Mechanical conditioning,Has not examined,Non-user,2014,National General Insurance Company (Public Joint Stock Company),20171016,3784
2338446,4363138,N,#########,Night,0.881944444,Asayil Street,Shocked panel guidelines,Sudden deviation,Sunny,Temple - Dry,47,40 - 49,M,Medium,37639,.Employee,Has not examined,unknown,2015,Takaful House (PSC),20171016,3784
2338103,4362514,N,#########,Early Evening,0.770833333,Sheikh Mohammed Bin Zayed Road,Shocked - vehicle,Sudden deviation,Sunny,Temple - Dry,43,40 - 49,M,Little,40645,partner,Has not examined,unknown,2009,Jordan Insurance,20171016,3784
2339110,4364269,N,#########,Morning,0.480555556,Emirates Road,Shocked - vehicle,Not leaving enough distance,Sunny,Temple - Dry,28,20 - 29,M,Severe,41624,Electric circuit extensions,Has not examined,unknown,1999,Dubai National Insurance,20171016,3784
2337739,4361883,N,#########,Morning,0.402777778,127 area Hor Al Anz,Shocked - vehicle,Not leaving enough distance,Sunny,Temple - Dry,28,20 - 29,M,Little,,Unemployed,unknown,unknown,2001,Al Ain Ahlia Insurance,20171016,3784
2338622,4363414,N,#########,Morning,0.395833333,Junction Mirdif Bridge,Shocked - vehicle,Bypass the red light,Sunny,Temple - Dry,23,20 - 29,M,Medium,42185,Driver,Has not examined,Non-user,2012,Qatar Insurance,20171016,3784
2338391,4363039,N,#########,Evening,0.845138889,Ruwayyah Bridge,Shocked - vehicle,Sudden deviation,Sunny,Temple - Dry,22,20 - 29,M,Severe,41281,Student,Has not examined,unknown,2015,Dubai Insurance,20171016,3784
2344336,4372983,N,#########,Morning,0.326388889,,Shocked - vehicle,Before entering into the street to make sure that it is free,Sunny,Temple - Dry,60,42 - 49,M,Little,33972,Housewife,Has not examined,unknown,2012,The New India Insurance,20171016,3784
2338191,4362681,N,#########,Early Morning,0.145833333,Share Street,Shocked panel guidelines,Overspeed,Sunny,Temple - Dry,29,20 - 29,M,death,38916,Student,Has not examined,Non-user,2014,Falcon National Insurance,20171016,3784
2349193,4381154,N,#########,Night,0.934027778,Business Bay,Deterioration,Sudden deviation,Sunny,Temple - Dry,27,20 - 29,M,Little,42906,Cleaning agent / Public Buildings,Has not examined,Non-user,2017,Falcon National Insurance,20171016,3784
2339628,4365110,N,#########,Afternoon,0.732638889,airport Street,Shocked - vehicle,Sudden deviation,Sunny,Temple - Dry,24,20 - 29,M,Medium,,,unknown,unknown,2011,Charter Takaful Insurance Company PSC Dubai Branch,20171016,3784
2342701,4370289,N,#########,Early Morning,0.260416667,Camel racing Lehbab Square Street,Deterioration,Neglect and lack of attention,Sunny,sandy,25,20 - 29,M,Severe,,Employee,Has not examined,Non-user,1998,Integrating Dubai Insurance,20171016,3784
2343057,4370880,N,#########,Afternoon,0.680555556,368 Al Quoz Industrial Area Third,Shocked - vehicle,Lack of commitment to walk line,Sunny,Temple - Dry,28,20 - 29,M,Little,40947,cleaning worker,Has not examined,Non-user,2016,Lake National Insurance,20171016,3784
2341202,4367811,N,#########,Evening,0.840277778,Sheikh Mohammed Bin Zayed Road,Shocked - vehicle,Not leaving enough distance,Sunny,Temple - Dry,22,20 - 29,M,Little,41529,,Has not examined,user,2008,Al Khazna Insurance Company PSC,20171016,3784
2342119,4369332,N,42963,Late Night,0.041666667,Asayil Street,Shocked - column,Sudden deviation,Sunny,Temple - Dry,23,20 - 29,M,Medium,42121,,unknown,unknown,2016,Integrating Dubai Insurance,20171016,3784
2342086,4369269,N,42964,Early Afternoon,0.604166667,Emirates Road,Shocked - vehicle,Not leaving enough distance,Sunny,Temple - Dry,40,40 - 49,M,death,28442,,Has not examined,unknown,2009,Integrating Dubai Insurance,20171016,3784
2344217,4372770,N,42966,Early Morning,0.236111111,Emirates Road,Rammed an iron barrier,Sudden deviation,Sunny,Temple - Dry,25,20 - 29,M,Little,41350,Drivers of small cars and light transport,Has not examined,user,2015,Royal & Sun Alliance Insurance Middle East,20171016,3784
2344733,4373699,N,42969,Early Morning,0.267361111,Jebel Ali Soot Street,Deterioration,Sudden deviation,Sunny,Temple - Dry,33,30 - 39,M,Little,39043,,Has not examined,user,2015,Oman Insurance Company - Abu Dhabi Branch,20171016,3784
2345601,4375120,N,42969,Early Afternoon,0.59375,Rabat Street,Shocked - vehicle,Not leaving enough distance,Sunny,Temple - Dry,27,20 - 29,M,Medium,42160,Sales Representative,unknown,unknown,2010,Alliance Insurance,20171016,3784
2345318,4374679,N,42969,Early Morning,0.152777778,The intersection of Happiness Street Business Bay Street,Shocked pier,Driving under the influence of alcohol,Sunny,Temple - Dry,24,20 - 29,M,Little,14026,,drunk,unknown,2014,,20171016,3784
2345750,4375368,N,42973,Early Morning,0.15625,Happiness street,Shocked - vehicle,Driving under the influence of alcohol,Sunny,Temple - Dry,33,30 - 39,M,Little,37423,.Employee,drunk,unknown,2012,Charter Takaful Insurance Company PSC Dubai Branch,20171016,3784
2346396,4376444,N,42974,Morning,0.291666667,Emirates Road,Rammed an iron barrier,Sudden deviation,Sunny,Temple - Dry,36,30 - 39,M,death,42816,,unknown,Non-user,2017,"Orient Insurance Company, a public shareholding",20171016,3784
2348203,4379467,N,42976,Early Morning,0.165277778,Horse Street,Rammed an iron barrier,Driving under the influence of alcohol,Sunny,Temple - Dry,32,30 - 39,M,Little,38803,Switchboard operator,drunk,unknown,2016,"Orient Insurance Company, a public shareholding",20171016,3784
2346693,4376918,N,42978,Morning,0.291666667,The intersection of the new BurJuman,Shocked - vehicle,Bypass the red light,Sunny,Temple - Dry,40,40 - 49,M,Little,42319,Employee,unknown,unknown,2017,Oman Insurance Company - Abu Dhabi Branch,20171016,3784
2347764,4378691,N,#########,Late Night,0.09375,,Shocked - vehicle,Not leaving enough distance,Sunny,Temple - Dry,33,30 - 39,M,death,40862,Normal factor,Has not examined,Non-user,2014,"Orient Insurance Company, a public shareholding",20171016,3784
2360828,4401134,N,#########,Late Night,0.104166667,Damascus Street,Shocked - vehicle,Bypass the red light,Sunny,Temple - Dry,28,20 - 29,M,Little,39362,Student,Has not examined,unknown,2011,Dhafra Insurance,20171016,3784
2350358,4383143,N,#########,Early Afternoon,0.541666667,Street fads,Shocked - vehicle,Not leaving enough distance,Sunny,Temple - Dry,45,40 - 49,M,Little,38557,Public Accountant,Has not examined,user,2008,Oman Insurance,20171016,3784
2349358,4381451,N,#########,Morning,0.423611111,Street Seaport,Shocked - vehicle,Sudden deviation,Sunny,Temple - Dry,28,20 - 29,M,Little,42675,Project Engineer,unknown,unknown,2016,Union Insurance,20171016,3784
2351094,4384441,N,#########,Early Afternoon,0.599305556,Sheikh Mohammed Bin Zayed Road,Rammed a concrete barrier,Sudden deviation,Sunny,Temple - Dry,30,30 - 39,M,Medium,41882,Sales Supervisor,Has not examined,unknown,2013,Union Insurance,20171016,3784
2352880,4387520,N,#########,Early Morning,0.208333333,Emirates Road,Shocked - vehicle,Not leaving enough distance,Sunny,Temple - Dry,26,20 - 29,M,Medium,40321,,unknown,unknown,2015,AXA Insurance Gulf--abozby,20171016,3784
2351968,4385944,N,#########,Evening,0.791666667,Palace roundabout Sheikh Mohammed,Shocked panel guidelines,Sudden deviation,Sunny,Temple - Dry,19, 10 - 19,F,Little,,employee,Has not examined,unknown,2012,Charter Takaful Insurance Company PSC Dubai Branch,20171016,3784
2353559,4388707,N,#########,Night,0.979166667,El-Shikh Zayed street,Rammed a concrete barrier,Sudden deviation,Sunny,Temple - Dry,33,30 - 39,M,Severe,42801,Public Accountant,Has not examined,unknown,2006,Dhafra Insurance,20171016,3784
2353695,4388943,N,42991,Night,0.972222222,Oud Metha Road,Shocked - vehicle,Not leaving enough distance,Sunny,Temple - Dry,19, 10 - 19,M,Little,42426,Students in military schools,Has not examined,unknown,2015,Takaful House (PSC),20171016,3784
2354104,4389661,N,42992,Afternoon,0.625,El-Shikh Zayed street,Shocked - vehicle,Sudden deviation,Sunny,Temple - Dry,25,20 - 29,M,Little,42618,Reporter,Has not examined,Non-user,2016,Lake National Insurance,20171016,3784
2360177,4400030,N,42992,Early Morning,0.135416667,Sheikh Mohammed Bin Zayed Road,Shocked - vehicle,Not leaving enough distance,Sunny,Temple - Dry,27,20 - 29,M,Medium,39756,,unknown,unknown,2011,Charter Company for Takaful Insurance,20171016,3784
2354121,4389691,N,42993,Early Morning,0.222222222,Horse Street,Deterioration,Driving under the influence of alcohol,Sunny,Temple - Dry,27,20 - 29,M,Medium,,,drunk,Non-user,2007,Charter Company for Takaful Insurance,20171016,3784
2355851,4392638,N,42996,Early Afternoon,0.588194444,Emirates Road,Shocked - vehicle,Not leaving enough distance,Sunny,temple,25,20 - 29,M,Medium,41982,Purification of metal ores machines operator,Has not examined,unknown,2016,"Orient Insurance Company, a public shareholding",20171016,3784
2357766,4395885,N,43003,Night,0.902777778,317 Mankhool area,Shocked - vehicle,Lack of commitment to walk line,Sunny,Temple - Dry,32,30 - 39,M,Little,42919,Unknown function,unknown,unknown,2017,With Oriental Insurance,20171016,3784
2360428,4400439,N,43003,Evening,0.826388889,Hatta Road Dubai,Shocked - vehicle,Not leaving enough distance,Sunny,Temple - Dry,28,20 - 29,M,Little,40517,Employee,Has not examined,user,,United Omani company,20171016,3784
2359344,4398625,N,43006,Afternoon,0.659722222,Emirates Road,Shocked - vehicle,Sudden deviation,Sunny,Temple - Dry,37,30 - 39,M,Severe,,,Has not examined,unknown,2008,Al Ain Ahlia Insurance,20171016,3784
2359317,4398575,N,43008,Early Morning,0.194444444,Warqaa,Shocked - vehicle,Lack of commitment to walk line,Sunny,temple,40,40 - 49,M,Severe,42827,Skilled workers in the fields of agriculture and fisheries,Non-users,unknown,2017,"Orient Insurance Company, a public shareholding",20171016,3784
2359387,4398688,N,43008,Morning,0.423611111,Riyadh Street,Shocked - vehicle,Before entering into the street to make sure that it is free,Sunny,Temple - Dry,20,20 - 29,M,Little,42506,Vendor,unknown,unknown,2014,Charter Takaful Insurance Company PSC Dubai Branch,20171016,3784
2361363,4402074,N,43008,Late Night,0.027777778,368 Al Quoz Industrial Area Third,Run over,Lack of appreciation for road users,Sunny,Temple - Dry,24,20 - 29,M,Severe,42357,Mechanical Maintenance Assistant,Has not examined,Non-user,2012,AXA Insurance Gulf,20171016,3784
2360603,4400730,N,#########,Early Morning,0.145833333,Ras Al Khor Road,Shocked - vehicle,Not leaving enough distance,Sunny,temple,22,20 - 29,M,Severe,41410,Students in military schools,Has not examined,user,2007,Emirates Insurance,20171016,3784
2361435,4402219,N,#########,Night,0.875,Dubai Eye Street,Shocked - animal,Flail animal,Sunny,Temple - Dry,30,30 - 39,M,death,,,Has not examined,unknown,2017,Muscat Insurance Company SAOG,20171016,3784
