id,psn_id,record_status,acd_date,acd_time,acd_location_eng,acd_type_eng,acd_cause_eng,weather_eng,road_status_eng,age,age-group,gender,injury_severities_eng,driving_license_issue_date,occupation_eng,intoxication_eng,seat_belt_status_eng,year_manufactured,insurance_company_name_eng,loading_date,ingestion_id
2244942,4203592,N,#########,17:20:00,Jumeirah Street,Collision - vehicle,Not leaving enough distance,Sunny,Temple - Dry,28,20 - 29,M,Medium,25/04/2007,dish cleaner,Has not examined,Non-user,2012,Falcon National Insurance,20171016,3784
2262130,4233326,N,#########,02:15:00,Third Ruwayyah,Rammed a sand barrier,Neglect and lack of attention,Sunny,Temple - Dry,20,20 - 29,M,Little,29/03/2016,Students in military schools,unknown,unknown,2014,Royal & Sun Alliance Insurance Middle East,20171016,3784
2248211,4209360,N,#########,07:35:00,Street intersection Asayil Happiness Street,Collision - vehicle,Bypass the red light,Sunny,Temple - Dry,42,40 - 49,M,Little,27/01/2008,civil engineer,Has not examined,unknown,2012,Charter Takaful Insurance Company PSC Dubai Branch,20171016,3784
2234504,4185340,N,#########,20:05:00,Emirates Road,Collision - vehicle,Driving under the influence of drugs,Sunny,temple,31,30 - 39,M,death,,,Drug users,unknown,2002,With Oriental Insurance,20171016,3784
2236497,4188884,N,#########,18:10:00,El-Shikh Zayed street,Collision - vehicle,Not leaving enough distance,Sunny,Temple - Dry,51,50 - 59,M,Little,04/02/2000,,Has not examined,user,2014,Falcon National Insurance,20171016,3784
2244970,4203647,N,#########,22:54:00,343 Al Wasl area,Collision - wall,Sudden deviation,Sunny,Temple - Dry,53,50 - 59,M,Little,07/04/1992,Starter Archive,Has not examined,Non-user,2013,"Orient Insurance Company, a public shareholding",20171016,3784
2240624,4196041,N,#########,16:00:00,Sheikh Mohammed Bin Zayed Road,Collision - vehicle,Sudden deviation,Sunny,temple,54,50 - 59,M,Medium,03/02/2007,,Has not examined,user,1998,Combine Limited Insurance Company,20171016,3784
2235264,4186741,N,#########,08:00:00,Sih Street Peace,Collision - vehicle,Natural factors - the fog,Fog - heavy,Temple - Dry,22,20 - 29,F,Medium,02/01/2016,student,unknown,user,2015,Falcon National Insurance,20171016,3784
2263203,4235063,N,#########,08:30:00,Sheikh Mohammed Bin Zayed Road,Collision - vehicle,Driving under the influence of alcohol,Sunny,Temple - Dry,26,20 - 29,M,Medium,27/10/2011,Real Estate Agents,drunk,user,2011,With Oriental Insurance,20171016,3784
2241349,4197333,N,#########,13:00:00,Hatta city street,Collision - vehicle,Before entering into the street to make sure that it is free,Sunny,Temple - Dry,29,20 - 29,M,Medium,31/03/2008,Employee,Has not examined,user,2007,Wathba National Insurance,20171016,3784
2235508,4187160,N,#########,03:15:00,Umm Suqeim Street,Collision - vehicle,Not leaving enough distance,Sunny,Temple - Dry,21,20 - 29,M,death,15/12/2014,Student,unknown,unknown,2001,Charter Takaful Insurance Company PSC Dubai Branch,20171016,3784
2244593,4202990,N,#########,04:10:00,Sheikh Mohammed Bin Zayed Road,Rammed a concrete barrier,Sir Unlike Sir,Sunny,Temple - Dry,32,30 - 39,M,Medium,19/06/2012,Starter Archive,Has not examined,unknown,1999,Lake National Insurance,20171016,3784
2237225,4190170,N,#########,23:55:00,Sheikh Mohammed Bin Zayed Road,Collision - vehicle,Stand in the middle of the road,Sunny,Temple - Dry,38,30 - 39,M,Severe,12/10/2005,,Has not examined,user,2008,Orient Insurance,20171016,3784
2236160,4188281,N,#########,08:10:00,The intersection of Al Barsha South,Collision - vehicle,Bypass the red light,Sunny,Temple - Dry,33,30 - 39,M,Medium,20/07/2004,,Has not examined,unknown,2015,Abu Dhabi National Insurance,20171016,3784
2245073,4203844,N,#########,19:25:00,Dubai Financial Center Street,Collision - vehicle,Sudden deviation,Sunny,Temple - Dry,52,50 - 59,M,Little,17/10/1983,.Employee,Has not examined,Non-user,2011,AXA Insurance Gulf,20171016,3784
2238796,4192878,N,#########,09:40:00,Sheikh Mohammed Bin Zayed Road,Collision - vehicle,Not leaving enough distance,Sunny,Temple - Dry,37,30 - 39,M,Medium,19/10/2013,Driver light vehicle,Has not examined,user,2012,Company Dhafra Insurance,20171016,3784
2238272,4191949,N,#########,17:30:00,airport Street,Collision - vehicle,Not leaving enough distance,Sunny,Temple - Dry,32,30 - 39,M,death,30/12/2012,dish cleaner,unknown,Non-user,2016,The New India Insurance,20171016,3784
2238560,4192453,N,#########,02:15:00,Share Street,Rammed an iron barrier,Driving under the influence of alcohol,Fog - average,Temple - Dry,32,30 - 39,M,Little,25/04/2009,Promotional representative,drunk,user,2009,Arab Insurance,20171016,3784
2239630,4194263,N,14/01/2017,04:53:00,Port Said intersection,Collision - vehicle,Bypass the red light,Sunny,Temple - Dry,63,42 - 49,M,Little,23/01/1997,Reporter,unknown,Non-user,1996,The National Union,20171016,3784
2248721,4210219,N,14/01/2017,18:00:00,Horse Street,Collision - vehicle,Sudden deviation,Sunny,Temple - Dry,24,20 - 29,M,Little,22/06/2016,,Has not examined,Non-user,2017,"Orient Insurance Company, a public shareholding",20171016,3784
2248706,4210189,N,14/01/2017,14:30:00,353 Safa area first,Deterioration,Sudden deviation,Sunny,Temple - Dry,25,20 - 29,M,Little,,,Has not examined,Non-user,2014,Takaful House,20171016,3784
2240485,4195778,N,16/01/2017,06:00:00,El-Shikh Zayed street,Collision - vehicle,Not leaving enough distance,Sunny,Temple - Dry,44,40 - 49,M,death,05/04/1996,Driver light vehicle,Has not examined,unknown,2009,With Oriental Insurance,20171016,3784
2249835,4212154,N,17/01/2017,07:45:00,Horse Street,Collision - vehicle,Not leaving enough distance,Sunny,Temple - Dry,29,20 - 29,M,Medium,21/03/2012,Driver light vehicle,Has not examined,unknown,2014,Integrating Dubai Insurance,20171016,3784
2245754,4205076,N,18/01/2017,20:50:00,Sheikh Mohammed Bin Zayed Road,Collision - vehicle,Not leaving enough distance,Sunny,Temple - Dry,35,30 - 39,M,Medium,24/08/2011,Vendor,Has not examined,Non-user,2014,Arabian Scandinavian Insurance,20171016,3784
2242764,4199796,N,19/01/2017,11:00:00,621 area Warsan,Collision - vehicle,Before entering into the street to make sure that it is free,Sunny,Temple - Dry,39,30 - 39,M,Little,26/12/2013,Driver light vehicle,Has not examined,user,2003,Lake National Insurance,20171016,3784
2244505,4202834,N,20/01/2017,01:00:00,Hatta Road Dubai,Collision - vehicle,Not leaving enough distance,Sunny,Temple - Dry,21,20 - 29,M,Severe,23/10/2014,Employee,Has not examined,user,1996,Al Ain Ahlia Insurance,20171016,3784
2250632,4213532,N,21/01/2017,10:50:00,Fourth bridge Sheikh Zayed Road,Deterioration,Sudden deviation,Sunny,Temple - Dry,26,20 - 29,M,Little,05/08/2015,truck driver,Has not examined,unknown,1998,United Insurance,20171016,3784
2244073,4202074,N,22/01/2017,10:20:00,Emirates Road,Collision - vehicle,Not leaving enough distance,Sunny,Temple - Dry,22,20 - 29,M,death,19/03/2014,Driver,unknown,unknown,2007,Falcon National Insurance,20171016,3784
2244858,4203454,N,24/01/2017,15:05:00,Dubai Investments Park II,Collision - vehicle,Sudden deviation,Sunny,Temple - Dry,32,30 - 39,M,Severe,13/10/2015,,Has not examined,unknown,2011,Company Combine,20171016,3784
2249164,4210974,N,25/01/2017,07:55:00,Dubai Investments Park II,Collision - vehicle,Sudden deviation,Others,Temple - Dry,34,30 - 39,M,Medium,17/11/1996,,Has not examined,Non-user,2016,Arabian Scandinavian Insurance,20171016,3784
2248913,4210544,N,26/01/2017,16:00:00,,Collision - vehicle,Not leaving enough distance,Sunny,Temple - Dry,40,40 - 49,M,Little,01/11/1996,retired,Has not examined,unknown,2015,American Home Insurance Company,20171016,3784
2246735,4206728,N,27/01/2017,21:30:00,134 Mamzar area,Deterioration,Driving under the influence of alcohol,Sunny,Temple - Dry,41,40 - 49,M,Little,25/09/2013,Assistant cooker / Pastry,drunk,unknown,2006,Emirates Insurance,20171016,3784
2246259,4205888,N,27/01/2017,19:10:00,University City Street,Collision - vehicle,Not leaving enough distance,Sunny,Temple - Dry,22,20 - 29,M,Medium,18/02/2013,Student,unknown,Non-user,,,20171016,3784
2250735,4213730,N,29/01/2017,11:15:00,Sheikh Khalifa Bin Zayed Road,Collision - vehicle,Not leaving enough distance,Sunny,Temple - Dry,49,40 - 49,M,Little,28/04/2009,bus driver,Has not examined,unknown,2008,Qatar Insurance,20171016,3784
2253094,4217816,N,29/01/2017,18:30:00,Emirates Road,Collision - vehicle,Lack of commitment to walk line,Sunny,Temple - Dry,55,50 - 59,M,Medium,09/11/2005,bus driver,unknown,unknown,2008,Arab Insurance,20171016,3784
2247843,4208685,N,29/01/2017,19:50:00,University City Street,Collision - vehicle,Not leaving enough distance,Sunny,Temple - Dry,20,20 - 29,M,Little,10/12/2014,Employee,Has not examined,Non-user,2014,Falcon National Insurance,20171016,3784
2251237,4214587,N,29/01/2017,03:35:00,Nad Al Sheba,Collision - vehicle,Driving under the influence of alcohol,Sunny,Temple - Dry,27,20 - 29,M,Little,10/12/2008,Student,drunk,user,2015,Integrating Dubai Insurance,20171016,3784
2248755,4210270,N,30/01/2017,13:15:00,Tower Road Sheikh Khalifa,Collision - Lighting column,Sudden deviation,Sunny,Temple - Dry,19, 10 - 19,M,death,09/11/2016,,Has not examined,Non-user,2016,Takaful House,20171016,3784
2264630,4237429,N,31/01/2017,04:20:00,Amman Street,Collision pier,Neglect and lack of attention,Sunny,Temple - Dry,40,40 - 49,M,Medium,,,Has not examined,user,2017,Lake National Insurance,20171016,3784
2255069,4221231,N,31/01/2017,20:50:00,364 Al Quoz Industrial Area first,Collision - vehicle,Lack of commitment to walk line,Sunny,Temple - Dry,28,20 - 29,M,Medium,25/08/2015,Shepherd,Has not examined,Non-user,2016,"Orient Insurance Company, a public shareholding",20171016,3784
2255488,4221963,N,#########,04:20:00,El-Shikh Zayed street,Collision - vehicle,Not leaving enough distance,Sunny,Temple - Dry,28,20 - 29,M,death,31/12/2007,Student,Has not examined,user,2013,Integrating Dubai Insurance,20171016,3784
2255501,4221986,N,#########,23:40:00,Manara Street,Collision - vehicle,Overspeed,Sunny,Temple - Dry,18, 10 - 19,M,Little,,,Has not examined,user,2015,Oman Insurance,20171016,3784
2265332,4238655,N,#########,04:20:00,First Horse Road,Collision - wall,Driving under the influence of alcohol,Sunny,Temple - Dry,22,20 - 29,M,Medium,01/01/2010,,drunk,user,,,20171016,3784
2262690,4234270,N,#########,09:28:00,El-Shikh Zayed street,Deterioration,Sudden deviation,Sunny,Temple - Dry,39,30 - 39,M,Severe,30/05/2013,Vendor,Has not examined,unknown,2014,Union Insurance,20171016,3784
2255077,4221245,N,#########,19:00:00,Asayil Street,Rammed a concrete barrier,Sudden deviation,Sunny,Temple - Dry,32,30 - 39,M,Little,26/01/2015,civil engineer,Has not examined,unknown,2015,Fujairah National Insurance,20171016,3784
2249662,4211810,N,#########,10:40:00,Emirates Road,Collision - vehicle,Not leaving enough distance,Sunny,Temple - Dry,31,30 - 39,M,death,,,unknown,user,2015,Jordan Insurance Company,20171016,3784
2264599,4237386,N,#########,16:30:00,Dubai Financial Center Street,Rammed an iron barrier,Sudden deviation,Sunny,Temple - Dry,26,20 - 29,F,Medium,12/06/2015,Starter reception in,Has not examined,unknown,2015,safety,20171016,3784
2250469,4213216,N,#########,10:59:00,El-Shikh Zayed street,Collision - vehicle,Not leaving enough distance,Sunny,Temple - Dry,31,30 - 39,M,death,27/03/2011,,Has not examined,unknown,2007,Jordan Insurance,20171016,3784
2261734,4232639,N,#########,21:30:00,El-Shikh Zayed street,Deterioration,Sudden deviation,Sunny,Temple - Dry,29,20 - 29,M,Medium,20/10/2015,Commercial Pilot,unknown,Non-user,2016,"Orient Insurance Company, a public shareholding",20171016,3784
2257966,4226217,N,#########,09:00:00,Beirut St,Collision - vehicle,Not leaving enough distance,Sunny,Temple - Dry,35,30 - 39,F,Little,,,Has not examined,unknown,2015,Al Ain Ahlia Insurance,20171016,3784
2255107,4221301,N,#########,11:20:00,Horse Street,Rammed an iron barrier,Sudden deviation,Sunny,Temple - Dry,26,20 - 29,M,Medium,21/12/2016,,Has not examined,unknown,2002,Noor Takaful General PJSC,20171016,3784
2278699,4261756,N,#########,16:00:00,First Horse Road,Deterioration,Sudden deviation,Sunny,Temple - Dry,26,20 - 29,M,Medium,09/08/2014,,Has not examined,Non-user,2013,Takaful House (PSC),20171016,3784
2253750,4218953,N,#########,04:00:00,Leadership Bridge,Collision - wall,Driving under the influence of alcohol,Sunny,Temple - Dry,35,30 - 39,M,Little,25/02/2014,Vendor,drunk,user,2012,AXA Insurance Gulf,20171016,3784
2261941,4233009,N,#########,05:00:00,Sheikh Mohammed Bin Zayed Road,Deterioration,Neglect and lack of attention,Sunny,Temple - Dry,29,20 - 29,M,Medium,30/03/2014,Normal factor,Has not examined,Non-user,2014,AXA Insurance Gulf,20171016,3784
2254839,4220806,N,#########,00:05:00,King Salman bin Abdulaziz Al Saud Street,Deterioration,Neglect and lack of attention,Sunny,Temple - Dry,22,20 - 29,M,Medium,,,Has not examined,Non-user,2011,Charter Company for Takaful Insurance,20171016,3784
2259064,4228124,N,#########,03:00:00,Aweer Street,Collision - vehicle,Overspeed,Sunny,temple,22,20 - 29,M,Severe,09/10/2013,Student,Has not examined,Non-user,2014,Takaful House,20171016,3784
2253512,4218543,N,#########,12:30:00,Emirates Road,Collision - vehicle,Not leaving enough distance,Sunny,Temple - Dry,53,50 - 59,M,death,24/09/2006,Drivers of small cars and light transport,unknown,unknown,2006,Wathba National Insurance,20171016,3784
2254904,4220918,N,#########,18:30:00,Sheikh Mohammed Bin Zayed Road,Rammed an iron barrier,Sudden deviation,Sunny,Temple - Dry,42,40 - 49,M,Medium,16/08/2009,,Has not examined,user,2014,Union Insurance,20171016,3784
2261278,4231909,N,13/02/2017,22:10:00,El-Shikh Zayed street,Collision - vehicle,Not leaving enough distance,Sunny,Temple - Dry,53,50 - 59,M,Little,02/04/2002,Executive Director,Has not examined,unknown,2014,Iranian insurance,20171016,3784
2261167,4231714,N,13/02/2017,16:50:00,Share Street,Collision - vehicle,Not leaving enough distance,Sunny,Temple - Dry,28,20 - 29,M,Little,09/04/2013,Assistant Carpenter Buildings,Has not examined,user,2016,The New India Insurance,20171016,3784
2261315,4231979,N,16/02/2017,06:15:00,Horse Street,Collision - vehicle,Sudden deviation,Sunny,Temple - Dry,47,40 - 49,M,Little,19/08/1990,.Employee,Has not examined,unknown,2007,Falcon National Insurance,20171016,3784
2260023,4229773,N,16/02/2017,15:00:00,Share Street,Collision - vehicle,Lack of commitment to walk line,Sunny,Temple - Dry,23,20 - 29,M,Medium,10/06/2016,,Has not examined,Non-user,2016,With Oriental Insurance,20171016,3784
2257686,4225708,N,16/02/2017,01:00:00,Junction Festival City,Collision - vehicle,Lack of commitment to walk line,Sunny,Temple - Dry,22,20 - 29,M,Medium,09/01/2013,Sales Representative,Has not examined,user,2013,Arabian Scandinavian Insurance,20171016,3784
2309096,4313363,N,17/02/2017,05:00:00,El-Shikh Zayed street,Rammed an iron barrier,Lack of commitment to walk line,Sunny,Temple - Dry,32,30 - 39,M,Medium,13/04/2005,Student,Has not examined,Non-user,2007,Wathba National Insurance,20171016,3784
2316654,4326304,N,18/02/2017,23:00:00,Jumeirah Street,Collision - vehicle,Sudden deviation,Sunny,Temple - Dry,19, 10 - 19,F,Little,11/12/2016,Students in military schools,Has not examined,user,2007,Sharjah Insurance,20171016,3784
2260992,4231412,N,18/02/2017,13:15:00,Trade Center roundabout,Collision - vehicle,Not leaving enough distance,Sunny,Temple - Dry,30,30 - 39,M,Little,06/09/2015,Machinery Operator,Has not examined,unknown,2014,The New India Insurance,20171016,3784
2258717,4227506,N,18/02/2017,02:30:00,Capacity Street,Rammed an iron barrier,Sudden deviation,Raining,Temple - disorganized,24,20 - 29,M,Medium,01/03/2012,,unknown,user,2015,Union Insurance,20171016,3784
2257725,4225778,N,19/02/2017,23:00:00,The Villa,Rammed the gate,Overspeed,Sunny,Temple - Dry,26,20 - 29,M,death,,Driver,unknown,,2014,Wathba National Insurance,20171016,3784
2263969,4236363,N,20/02/2017,20:45:00,Rabat Street,Deterioration,Sudden deviation,Raining,Temple - disorganized,28,20 - 29,M,Medium,21/08/2007,,Has not examined,Non-user,2016,With Oriental Insurance,20171016,3784
2259777,4229366,N,21/02/2017,08:45:00,Abu Bakr Alseddeek street,Collision - vehicle,Lack of commitment to walk line,Sunny,Temple - Dry,30,30 - 39,F,Little,06/01/2010,,Has not examined,user,2012,Integrating Dubai Insurance,20171016,3784
2260958,4231351,N,21/02/2017,10:40:00,Bani Yas Street,Collision - vehicle,Not leaving enough distance,Sunny,Temple - Dry,28,20 - 29,M,Little,09/12/2013,Bartender (Gerson),Has not examined,unknown,2012,Falcon National Insurance,20171016,3784
2260660,4230853,N,22/02/2017,11:00:00,Emirates Road,Collision - vehicle,Not leaving enough distance,Sunny,Temple - Dry,26,20 - 29,M,Medium,25/03/2013,,unknown,user,1997,Integrating Dubai Insurance,20171016,3784
2262789,4234422,N,22/02/2017,08:15:00,Sih Street Peace,Collision - vehicle,Not leaving enough distance,Sunny,temple,41,40 - 49,M,Medium,30/03/2009,bus driver,Has not examined,user,2010,Qatar Insurance,20171016,3784
2261303,4231953,N,23/02/2017,10:15:00,Sheikh Rashid Road,Deterioration,Sudden deviation,Sunny,Temple - Dry,37,30 - 39,F,Little,18/08/2013,Driver light vehicle,Has not examined,user,2015,Lake National Insurance,20171016,3784
2262535,4233959,N,25/02/2017,16:00:00,Aweer Street,Collision - vehicle,Not leaving enough distance,Sunny,Temple - Dry,45,40 - 49,M,Little,04/09/2012,,Has not examined,user,2011,Omani Qatari Insurance,20171016,3784
2267216,4241916,N,27/02/2017,13:30:00,Emirates Road,Collision - vehicle,Stand in the middle of the road,Sunny,Temple - Dry,37,30 - 39,M,Medium,05/02/2006,Sellers of vehicles,Has not examined,unknown,2003,Dhafra Insurance,20171016,3784
2266278,4240292,N,28/02/2017,23:17:00,Al Wasl Road,Collision - vehicle,Sudden deviation,Sunny,Temple - Dry,28,20 - 29,M,Medium,21/06/2015,Normal factor,Has not examined,Non-user,2012,Integrating Dubai Insurance,20171016,3784
2273922,4253512,N,28/02/2017,18:30:00,Jebel Ali Soot Street,Collision - vehicle,Not leaving enough distance,Sunny,Temple - Dry,24,20 - 29,M,Medium,15/07/2015,Driver,Has not examined,user,1996,Ahlia,20171016,3784
2279203,4262579,N,#########,02:22:00,El-Shikh Zayed street,Collision - vehicle,Not leaving enough distance,Sunny,Temple - Dry,22,20 - 29,M,Medium,21/09/2013,Students in military schools,Has not examined,user,2016,Charter Takaful Insurance Company PSC Dubai Branch,20171016,3784
2276281,4257521,N,#########,23:15:00,Al Wasl Road,Collision - vehicle,Not leaving enough distance,Sunny,Temple - Dry,22,20 - 29,M,Little,10/04/2015,Vendor,Has not examined,Non-user,2015,Takaful House,20171016,3784
2268776,4244693,N,#########,21:30:00,M Street Building,Collision - vehicle,Sudden deviation,Sunny,Temple - Dry,80,80- 89,M,Medium,27/06/1990,General Doctor,Has not examined,unknown,2014,Fujairah National Insurance,20171016,3784
2267444,4242321,N,#########,21:20:00,Baghdad-Amman intersection,Collision - vehicle,Overspeed,Sunny,Temple - Dry,37,30 - 39,M,Medium,,,Has not examined,unknown,2013,Al Ain Ahlia Insurance,20171016,3784
2286658,4275150,N,#########,23:30:00,Aweer Street,Collision pier,Market frivolously and recklessness,Sunny,Temple - Dry,21,20 - 29,M,Little,17/09/2014,Student,Has not examined,user,2009,Integrating Dubai Insurance,20171016,3784
2264677,4237506,N,#########,00:00:00,Manama Street,Collision - vehicle,Sudden deviation,Sunny,Temple - Dry,43,40 - 49,M,death,03/12/2014,Public Accountant,unknown,unknown,2016,Dubai National Insurance,20171016,3784
2267385,4242223,N,#########,04:40:00,"The intersection of Beirut, Amman",Collision - vehicle,Driving under the influence of alcohol,Sunny,Temple - Dry,33,30 - 39,M,Severe,,,drunk,unknown,2016,Al Wathba National Insurance,20171016,3784
2266680,4240973,N,#########,16:00:00,Zabeel Road,Collision - vehicle,Lack of commitment to walk line,Sunny,Temple - Dry,28,20 - 29,M,Little,15/12/2015,Bartender (Gerson),unknown,Non-user,2017,Takaful House,20171016,3784
2265274,4238534,N,#########,00:30:00,Al Maktoum Street,Collision - vehicle,Sir Unlike Sir,Sunny,Temple - Dry,23,20 - 29,M,Little,23/11/2011,,Has not examined,unknown,2016,Charter Company for Takaful Insurance,20171016,3784
2266683,4240981,N,#########,04:20:00,Tunnel driving,Deterioration,Driving under the influence of alcohol,Sunny,Temple - Dry,38,30 - 39,M,Little,16/05/2007,Security officer,drunk,unknown,2016,Royal & Sun Alliance Insurance Middle East,20171016,3784
2269919,4246681,N,#########,16:00:00,Happiness street,Collision - vehicle,Sudden deviation,Sunny,Temple - Dry,24,20 - 29,M,Little,22/03/2015,,Has not examined,Non-user,2015,Integrating Dubai Insurance,20171016,3784
2274354,4254218,N,#########,03:45:00,Tunis street,Collision - vehicle,Not leaving enough distance,Sunny,Temple - Dry,25,20 - 29,M,Little,07/03/2011,Student,Has not examined,unknown,2016,Al Wathba National Insurance,20171016,3784
2275511,4256173,N,#########,09:20:00,Oud Metha Road,Rammed an iron barrier,Sudden deviation,Sunny,Temple - Dry,24,20 - 29,M,Medium,25/02/2013,Students in military schools,Has not examined,unknown,2007,Charter Takaful Insurance Company PSC Dubai Branch,20171016,3784
2278223,4260952,N,#########,03:15:00,Umm Suqeim Street Services,Rammed the gate,Sudden deviation,Sunny,Temple - Dry,23,20 - 29,M,Medium,15/01/2013,Student,Has not examined,unknown,2009,Falcon National Insurance,20171016,3784
2268487,4244165,N,#########,20:45:00,Nouakchott Street,Deterioration,Sudden deviation,Sunny,temple,25,20 - 29,M,Medium,12/06/2010,Student,Has not examined,unknown,2005,Integrating Dubai Insurance,20171016,3784
2272879,4251728,N,#########,22:00:00,Emirates Road,Collision - vehicle,Not leaving enough distance,Sunny,Temple - Dry,52,50 - 59,M,Medium,16/07/2003,,Has not examined,user,2008,National General Insurance Company (Public Joint Stock Company),20171016,3784
2275463,4256093,N,#########,14:40:00,Field Street,Deterioration,Sudden deviation,Sunny,Temple - Dry,37,30 - 39,M,Little,07/03/2014,truck driver,Has not examined,unknown,1996,Dubai National Insurance,20171016,3784
2305238,4306945,N,13/03/2017,06:45:00,Share Street,Deterioration,Sudden deviation,Sunny,Temple - Dry,42,40 - 49,M,Medium,21/01/2009,Sandwich maker (sandwich),Has not examined,Non-user,2017,Takaful House (PSC),20171016,3784
2275436,4256049,N,15/03/2017,00:50:00,Horse Street,Collision pier,Sudden deviation,Sunny,Temple - Dry,34,30 - 39,M,Medium,14/11/2001,.Employee,Has not examined,unknown,2012,Arabian Scandinavian Insurance,20171016,3784
2273408,4252628,N,15/03/2017,06:20:00,Jebel Ali port area,Collision - vehicle,Before entering into the street to make sure that it is free,Sunny,Temple - Dry,52,50 - 59,M,Little,18/03/2002,Driver,Has not examined,user,2009,safety,20171016,3784
2273429,4252666,N,15/03/2017,20:30:00,Dubai Financial Center Street,Collision - vehicle,Not leaving enough distance,Sunny,Temple - Dry,21,20 - 29,M,Little,09/10/2015,Student,Has not examined,user,2012,Arab Insurance,20171016,3784
2273460,4252717,N,15/03/2017,17:00:00,Council roundabout,Deterioration,Neglect and lack of attention,Sunny,Temple - Dry,35,30 - 39,M,Medium,03/01/2010,truck driver,Has not examined,user,2009,Dubai National Insurance,20171016,3784
2273809,4253298,N,15/03/2017,01:12:00,Garhoud Bridge,Collision - vehicle,Not leaving enough distance,Sunny,Temple - Dry,24,20 - 29,M,Little,06/02/2011,Students in military schools,Has not examined,user,2012,Noor Takaful General PJSC,20171016,3784
2276335,4257610,N,17/03/2017,22:40:00,264 Second Muhaisnah,Collision - vehicle,Sir Unlike Sir,Sunny,Temple - Dry,48,40 - 49,M,death,13/07/2009,Building carpenter,Has not examined,unknown,2013,Noor Takaful General PJSC,20171016,3784
2274797,4254971,N,17/03/2017,06:50:00,Sheikh Mohammed Bin Zayed Road,Collision - vehicle,Not leaving enough distance,Sunny,Temple - Dry,58,50 - 59,M,Little,24/02/1982,.Employee,Has not examined,user,2013,Abu Dhabi National Insurance,20171016,3784
2275672,4256463,N,18/03/2017,06:50:00,Jumeirah Street,Collision - vehicle,Sudden deviation,Sunny,Temple - Dry,21,20 - 29,M,Medium,15/12/2014,Student,Has not examined,unknown,2009,Al Ain Ahlia Insurance,20171016,3784
2273334,4252499,N,20/03/2017,10:45:00,El-Shikh Zayed street,Collision - vehicle,Sudden deviation,Sunny,Temple - Dry,55,50 - 59,F,Severe,16/04/2007,Housewife,Has not examined,unknown,2014,Union Insurance Company,20171016,3784
2274905,4255148,N,21/03/2017,08:00:00,Sheikh Mohammed Bin Zayed Road,Collision - vehicle,Not leaving enough distance,Raining,Temple - Dry,23,20 - 29,M,Medium,07/10/2001,Employee,Has not examined,user,1995,Charter Company for Takaful Insurance,20171016,3784
2287329,4276320,N,21/03/2017,08:20:00,Bridge Street Field,Collision panel guidelines,Sudden deviation,Raining,Temple - disorganized,20,20 - 29,M,Medium,12/11/2015,Students in military schools,Has not examined,unknown,2016,Dubai Insurance,20171016,3784
2280934,4265436,N,21/03/2017,15:25:00,Jebel Ali port area,Collision pier,Overspeed,Sunny,Temple - Dry,27,20 - 29,M,Medium,10/09/2014,,Has not examined,unknown,2010,Emirates Insurance,20171016,3784
2279353,4262815,N,21/03/2017,16:30:00,Sheikh Mohammed Bin Zayed Road,Collision - vehicle,Not leaving enough distance,Sunny,Temple - Dry,26,20 - 29,M,Medium,,,Non-users,user,2015,Integrating Dubai Insurance,20171016,3784
2274246,4254052,N,22/03/2017,10:45:00,Jebel Ali Soot Street,Collision - vehicle,Not leaving enough distance,Sunny,Temple - Dry,44,40 - 49,M,Severe,01/10/2013,Haddad doors Aluminum,Has not examined,unknown,1997,Arab Insurance,20171016,3784
2289128,4279425,N,23/03/2017,22:30:00,Sheikh Mohammed Bin Zayed Road,Collision - vehicle,Not leaving enough distance,Sunny,Temple - Dry,52,50 - 59,M,Little,18/03/2015,truck driver,Has not examined,user,2015,Jordan Insurance,20171016,3784
2276743,4258338,N,23/03/2017,22:46:00,Horse Street,Rammed an iron barrier,Sudden deviation,Sunny,Temple - Dry,24,20 - 29,M,Medium,29/12/2011,Students in military schools,Has not examined,Non-user,2012,Al Ain Ahlia Insurance,20171016,3784
2287269,4276216,N,24/03/2017,07:30:00,El-Shikh Zayed street,Collision - vehicle,Sudden deviation,Sunny,Temple - Dry,27,20 - 29,M,Severe,02/10/2014,Vendor,Has not examined,unknown,2011,The New India Insurance,20171016,3784
2292420,4285045,N,26/03/2017,02:45:00,DIP first,Deterioration,Overspeed,Sunny,Temple - Dry,25,20 - 29,M,Little,31/10/2010,Student,Has not examined,user,2013,Abu Dhabi National Insurance,20171016,3784
2277523,4259723,N,27/03/2017,18:30:00,The intersection of the port,Collision - vehicle,Not leaving enough distance,Sunny,Temple - Dry,26,20 - 29,M,Little,17/02/2016,Barbers,unknown,Non-user,2006,Qatar Insurance,20171016,3784
2277912,4260373,N,29/03/2017,21:30:00,Emirates Road,Collision - vehicle,Not leaving enough distance,Sunny,temple,37,30 - 39,M,death,17/10/2004,truck driver,Has not examined,unknown,2016,American Home Assurance Company (Dubai Branch),20171016,3784
2278644,4261657,N,29/03/2017,17:00:00,Dubai Investments Park II,Collision - vehicle,Lack of commitment to walk line,Sunny,Temple - Dry,30,30 - 39,M,Medium,28/06/2010,Normal factor,Has not examined,Non-user,2014,Wathba National Insurance,20171016,3784
2289960,4280869,N,30/03/2017,19:15:00,Sheikh Mohammed Bin Zayed Road,Collision - vehicle,Sudden deviation,Sunny,Temple - Dry,25,20 - 29,M,Little,10/04/2016,,unknown,unknown,2011,Charter Company for Takaful Insurance,20171016,3784
2286093,4274151,N,30/03/2017,15:30:00,Second Zabeel Road,Collision - vehicle,Not leaving enough distance,Sunny,Temple - Dry,38,30 - 39,F,Little,24/08/1999,Student,Has not examined,user,2014,Dubai Insurance,20171016,3784
2281450,4266319,N,31/03/2017,11:30:00,Ras Al Khor Road,Collision - vehicle,Sudden deviation,Sunny,Temple - Dry,35,30 - 39,M,Little,23/09/2013,Driver,Has not examined,user,2014,Oman Insurance Company - Abu Dhabi Branch,20171016,3784
2282524,4268069,N,31/03/2017,22:45:00,Intersection of happiness,Collision - vehicle,Bypass the red light,Sunny,Temple - Dry,48,40 - 49,M,Little,30/05/2004,District official,Has not examined,user,2007,Fujairah National Insurance,20171016,3784
2281228,4265946,N,#########,13:50:00,Emirates Road,Rammed an iron barrier,Sudden deviation,Sunny,Temple - Dry,30,30 - 39,M,Severe,07/03/2013,Mechanical Maintenance Assistant,Has not examined,unknown,2012,Oman Insurance,20171016,3784
2280932,4265433,N,#########,21:30:00,Jebel Ali port area,Deterioration,Sudden deviation,Sunny,Temple - Dry,33,30 - 39,M,Little,02/11/2014,Computer programmer,Has not examined,user,2014,With Oriental Insurance,20171016,3784
2286123,4274208,N,#########,11:15:00,El-Shikh Zayed street,Collision - vehicle,Not leaving enough distance,Sunny,Temple - Dry,37,30 - 39,M,Little,29/04/2015,partner,unknown,unknown,2016,Union Insurance Company,20171016,3784
2296235,4291532,N,#########,01:45:00,Al Wasl Road,Collision - vehicle,Not leaving enough distance,Sunny,Temple - Dry,25,20 - 29,M,Little,29/11/2010,,Has not examined,Non-user,2011,Charter Takaful Insurance Company PSC Dubai Branch,20171016,3784
2281928,4267120,N,#########,20:36:00,El-Shikh Zayed street,Collision - vehicle,Not leaving enough distance,Sunny,Temple - Dry,29,20 - 29,F,Little,05/04/2014,Vendor,Has not examined,user,2011,American Home Assurance Company (Dubai Branch),20171016,3784
2297219,4293194,N,#########,22:10:00,El-Shikh Zayed street,Collision - vehicle,Driving under the influence of alcohol,Sunny,Temple - Dry,64,42 - 49,M,Little,13/08/1974,.Employee,drunk,unknown,2008,The New India Insurance,20171016,3784
2281580,4266550,N,#########,23:00:00,Dubai Eye Street,Collision - vehicle,Not leaving enough distance,Sunny,Temple - Dry,37,30 - 39,M,death,27/03/2011,,Has not examined,unknown,2006,Arab Insurance,20171016,3784
2281447,4266313,N,#########,07:55:00,Share Street,Rammed a concrete barrier,Sudden deviation,Sunny,Temple - Dry,22,20 - 29,M,Medium,22/06/2014,Student,Has not examined,unknown,2013,Abu Dhabi National Insurance,20171016,3784
2284183,4270841,N,13/04/2017,23:50:00,Bridge Sheikh Rashid Road Al Maktoum Road,Deterioration,Sudden deviation,Sunny,Temple - Dry,32,30 - 39,M,Severe,21/02/2017,Other manual packaging workers and industry,Has not examined,Non-user,2016,With Oriental Insurance,20171016,3784
2285011,4272264,N,13/04/2017,18:20:00,Amman Street,Collision - vehicle,Not leaving enough distance,Sunny,Temple - Dry,25,20 - 29,M,Medium,29/03/2016,Falafel Maker,Has not examined,Non-user,2017,"Orient Insurance Company, a public shareholding",20171016,3784
2289255,4279644,N,16/04/2017,09:15:00,369 Al Quoz Industrial Area IV,Collision - vehicle,Not leaving enough distance,Sunny,Temple - Dry,44,40 - 49,M,Medium,13/08/2007,guard,Has not examined,unknown,2014,Oman Insurance,20171016,3784
2348298,4379619,N,18/04/2017,03:30:00,Serenity Bridge Street Dubai Financial Street,Collision pier,Sudden deviation,Sunny,Temple - Dry,23,20 - 29,M,Medium,23/02/2012,Students in military schools,Has not examined,unknown,2014,Arabian Scandinavian Insurance,20171016,3784
2287071,4275872,N,19/04/2017,23:00:00,Sheikh Mohammed Bin Zayed Road,Deterioration,Driving under the influence of alcohol,Sunny,Temple - Dry,37,30 - 39,F,Little,14/06/2005,Starter reception in,drunk,user,2016,Lake National Insurance,20171016,3784
2288219,4277815,N,20/04/2017,09:15:00,Emirates Road,Collision - vehicle,Sudden deviation,Sunny,temple,32,30 - 39,M,Little,12/04/2016,,Has not examined,user,2002,Oman Insurance Company - Abu Dhabi Branch,20171016,3784
2290341,4281567,N,23/04/2017,15:30:00,Capacity area,Rammed an iron barrier,Driving under the influence of alcohol,Sunny,sandy,36,30 - 39,M,death,06/09/2010,Server / maid and house managers,drunk,unknown,2012,Arab Insurance,20171016,3784
2288455,4278210,N,23/04/2017,00:15:00,Sheikh Mohammed Bin Zayed Road,Collision - vehicle,Not leaving enough distance,Sunny,Temple - Dry,42,40 - 49,M,Medium,14/02/2008,Sales executive,Has not examined,Non-user,2010,Royal & Sun Alliance Insurance Middle East,20171016,3784
2290573,4281919,N,24/04/2017,10:15:00,Emirates Road,Collision - vehicle,Not leaving enough distance,Sunny,Temple - Dry,36,30 - 39,M,Medium,13/10/2014,Normal factor,Has not examined,unknown,2007,Union Insurance,20171016,3784
2304027,4304793,N,24/04/2017,19:30:00,Hatta Road Dubai,Collision - animal,Neglect and lack of attention,Sunny,Temple - Dry,35,30 - 39,M,Little,07/10/2008,Driver,Has not examined,user,2015,Company Fujairah National Insurance,20171016,3784
2290565,4281909,N,25/04/2017,06:10:00,Jebel Ali Soot Street,Collision - vehicle,Sudden deviation,Sunny,Temple - Dry,59,50 - 59,M,Medium,11/11/1995,,Has not examined,unknown,2005,Falcon National Insurance,20171016,3784
2292985,4286040,N,30/04/2017,21:40:00,University City Street,Collision - vehicle,Lack of commitment to walk line,Sunny,Temple - Dry,29,20 - 29,M,Little,27/11/2006,Students in military schools,unknown,unknown,2008,Treasury Insurance,20171016,3784
2291867,4284126,N,30/04/2017,04:30:00,Dubai Eye Street,Rammed an iron barrier,Driving under the influence of alcohol,Sunny,Temple - Dry,23,20 - 29,M,Little,15/06/2011,,drunk,unknown,2010,Abu Dhabi National Takaful,20171016,3784
2308227,4311924,N,#########,03:00:00,Horse Street,Deterioration,Sudden deviation,Sunny,Temple - Dry,22,20 - 29,M,Medium,06/07/2013,,Has not examined,Non-user,2009,Al Ain Ahlia Insurance,20171016,3784
2301127,4299817,N,#########,07:00:00,Horse Street,Collision - vehicle,Not leaving enough distance,Sunny,Temple - Dry,35,30 - 39,F,Little,09/08/2008,student,Has not examined,user,2015,Treasury Insurance,20171016,3784
2300445,4298655,N,#########,00:30:00,Satwa Street,Rammed an iron barrier,Sudden deviation,Sunny,Temple - Dry,28,20 - 29,M,Little,18/09/2008,Student,Has not examined,unknown,2015,The New India Insurance,20171016,3784
2297232,4293224,N,#########,00:40:00,First Horse Road,Collision - vehicle,Not leaving enough distance,Sunny,Temple - Dry,36,30 - 39,M,Medium,12/04/2006,diesel mechanic,Has not examined,unknown,2013,The New India Insurance,20171016,3784
2297217,4293177,N,#########,18:00:00,The intersection of the Dubai Financial Center,Collision - vehicle,Bypass the red light,Sunny,Temple - Dry,38,30 - 39,M,Little,29/12/2008,Follower writer,Has not examined,user,2013,The National Union,20171016,3784
2293303,4286606,N,#########,11:30:00,Jebel Ali Soot Street,Collision - vehicle,Not leaving enough distance,Sunny,Temple - Dry,71,70 - 79,M,death,16/06/1986,,Has not examined,unknown,2009,Al Khazna Insurance Company PSC,20171016,3784
2296330,4291668,N,#########,04:00:00,124 Muraqqabat area,Collision - wall,Driving under the influence of alcohol,Sunny,Temple - Dry,25,20 - 29,M,Medium,05/12/2015,Vendor,drunk,unknown,2011,Treasury Insurance,20171016,3784
2296343,4291683,N,#########,23:00:00,The intersection of Al Baraha Hospital,Collision - vehicle,Bypass the red light,Sunny,Temple - Dry,34,30 - 39,M,Little,13/12/2012,Drivers of small cars and light transport,Non-users,user,2013,Wathba National Insurance,20171016,3784
2294408,4288489,N,#########,03:50:00,Or second Hurair,Collision panel guidelines,Sudden deviation,Sunny,Temple - Dry,25,20 - 29,M,Little,24/03/2010,Students in military schools,unknown,unknown,2015,Al Hilal Takaful Company PSC,20171016,3784
2300475,4298715,N,#########,13:30:00,Horse Street,Collision - vehicle,Not leaving enough distance,Sunny,Temple - Dry,30,30 - 39,F,Little,19/09/2011,Follower writer,Has not examined,unknown,2012,Union Insurance,20171016,3784
2300522,4298800,N,#########,18:35:00,Safa Street,Collision - vehicle,Not leaving enough distance,Sunny,Temple - Dry,30,30 - 39,F,Little,15/07/2010,student,Has not examined,Non-user,2011,Alliance Insurance,20171016,3784
2296751,4292370,N,#########,14:20:00,The intersection of Bourne,Collision - vehicle,Wrong rotation,Sunny,Temple - Dry,34,30 - 39,M,Little,23/06/2008,Models Fashion Show,Has not examined,user,2013,Treasury Insurance,20171016,3784
2298341,4295091,N,#########,19:40:00,Emirates Road,Collision - animal,Neglect and lack of attention,Sunny,Temple - Dry,30,30 - 39,M,Little,08/09/2004,Lieutenant / 2,Has not examined,user,2016,Al Ain Ahlia Insurance,20171016,3784
2297279,4293306,N,#########,03:00:00,El-Shikh Zayed street,Collision - vehicle,Not leaving enough distance,Sunny,Temple - Dry,20,20 - 29,M,Little,27/10/2015,,Abusers of alcohol,Non-user,2010,Al Khazna Insurance Company PSC,20171016,3784
2306456,4309043,N,#########,02:47:00,Aweer initial,Collision - Tree,Sudden deviation,Sunny,Temple - Dry,35,30 - 39,M,Medium,24/10/2010,,Has not examined,user,2011,Falcon National Insurance,20171016,3784
2298476,4295350,N,#########,13:45:00,Sheikh Mohammed Bin Zayed Road,Collision - vehicle,Not leaving enough distance,Sunny,Temple - Dry,26,20 - 29,M,Medium,07/07/2009,,drunk,unknown,2013,Integrating Dubai Insurance,20171016,3784
2299395,4296923,N,15/05/2017,06:00:00,Asayil Street,Deterioration,Driving under the influence of alcohol,Sunny,Temple - Dry,31,30 - 39,M,Little,17/11/2011,Carpenter Furniture,drunk,unknown,2014,Lake National Insurance,20171016,3784
2304408,4305471,N,16/05/2017,20:30:00,Ranches Street,Collision - vehicle,Not leaving enough distance,Sunny,Temple - Dry,59,50 - 59,M,Medium,14/08/1991,Teachers Assistants Others,Has not examined,Non-user,2005,Oman Insurance,20171016,3784
2304526,4305705,N,17/05/2017,10:50:00,Horse Street,Rammed an iron barrier,Sudden deviation,Sunny,Temple - Dry,49,40 - 49,M,Little,07/04/2005,truck driver,Has not examined,user,2008,Lake National Insurance,20171016,3784
2306436,4309011,N,17/05/2017,23:30:00,Al Khawaneej Road,Collision - vehicle,Not leaving enough distance,Sunny,Temple - Dry,49,40 - 49,M,Medium,07/01/1998,,Has not examined,user,2013,Dubai Insurance,20171016,3784
2316061,4325286,N,20/05/2017,03:55:00,Emirates Road,Rammed an iron barrier,Sudden deviation,Sunny,Temple - Dry,23,20 - 29,M,Medium,22/01/2015,Repairman vehicle tires,Has not examined,Non-user,2017,"Orient Insurance Company, a public shareholding",20171016,3784
2302661,4302461,N,20/05/2017,09:00:00,University City Street,Collision - vehicle,Driving under the influence of alcohol,Sunny,temple,39,30 - 39,M,Severe,15/01/2000,does not work,drunk,unknown,2007,Arabian Scandinavian Insurance,20171016,3784
2303597,4304016,N,20/05/2017,10:54:00,Emirates Road,Collision - vehicle,Not leaving enough distance,Sunny,Temple - Dry,23,20 - 29,M,Severe,31/07/2016,Other personal services workers,unknown,user,2000,Arab Insurance,20171016,3784
2302981,4302966,N,21/05/2017,05:15:00,Ras Al Khor Road,Collision - vehicle,Driving under the influence of alcohol,Sunny,Temple - Dry,34,30 - 39,M,Medium,08/04/2001,,drunk,unknown,2008,Oman Insurance,20171016,3784
2306625,4309297,N,21/05/2017,17:50:00,Dubai Eye Street,fire,Neglect and lack of attention,Sunny,Temple - Dry,44,40 - 49,M,Little,08/05/2003,A major computer player,Has not examined,user,2013,safety,20171016,3784
2303013,4303006,N,21/05/2017,20:50:00,Emirates Road,Collision - vehicle,Not leaving enough distance,Sunny,Temple - Dry,27,20 - 29,M,death,30/08/2007,,unknown,unknown,2016,Qatar Tamen- Abu Dhabi,20171016,3784
2304458,4305580,N,21/05/2017,06:02:00,Dubai Eye Street,Deterioration,Frame explosion,Sunny,Temple - Dry,43,40 - 49,M,death,14/05/2009,truck driver,unknown,unknown,2013,Emirates Insurance,20171016,3784
2306462,4309046,N,21/05/2017,16:30:00,Emirates Road,Collision - vehicle,Not leaving enough distance,Sunny,Temple - Dry,25,20 - 29,M,Medium,20/12/2003,,Has not examined,user,2014,Royal & Sun Alliance Insurance Middle East,20171016,3784
2305503,4307408,N,22/05/2017,20:49:00,Emirates Road,Collision - vehicle,Not leaving enough distance,Sunny,Temple - Dry,26,20 - 29,M,Medium,19/09/2012,Plumber,Has not examined,user,2015,Dubai National Insurance,20171016,3784
2310657,4316053,N,26/05/2017,01:00:00,Intersection Warqaa,Collision - vehicle,Bypass the red light,Sunny,Temple - Dry,54,50 - 59,F,Little,23/06/2003,Housewife,Has not examined,user,2016,Oman Insurance,20171016,3784
2317460,4327669,N,26/05/2017,17:00:00,Sheikh Mohammed Bin Zayed Road,Collision - vehicle,Lack of commitment to walk line,Sunny,Temple - Dry,52,50 - 59,F,Little,25/03/1998,,Has not examined,unknown,2013,Orient Insurance,20171016,3784
2305716,4307765,N,26/05/2017,03:15:00,Emirates Road,Collision - vehicle,Not leaving enough distance,Sunny,Temple - Dry,19, 10 - 19,M,Medium,05/01/2016,,unknown,user,2012,Wathba National Insurance,20171016,3784
2315541,4324408,N,26/05/2017,00:10:00,Capacity Street,Deterioration,Overspeed,Sunny,Temple - Dry,20,20 - 29,F,Medium,22/11/2015,,Has not examined,Non-user,2016,Royal & Sun Alliance Insurance Middle East,20171016,3784
2326285,4342581,N,27/05/2017,15:00:00,First Horse Road,Collision pier,Neglect and lack of attention,Sunny,Temple - Dry,27,20 - 29,M,Medium,24/10/2013,,Has not examined,user,2014,Combine Limited Insurance Company,20171016,3784
2307125,4310146,N,28/05/2017,05:25:00,The intersection of Oasis,Collision - vehicle,Bypass the red light,Sunny,Temple - Dry,35,30 - 39,M,Severe,18/01/2014,bus driver,Has not examined,unknown,2016,Dubai National Insurance,20171016,3784
2309233,4313574,N,28/05/2017,04:50:00,Sheikh Mohammed Bin Zayed Road,Collision - vehicle,Not leaving enough distance,Sunny,Temple - Dry,58,50 - 59,M,Medium,06/01/2009,,Has not examined,Non-user,2001,Falcon National Insurance,20171016,3784
2321376,4334164,N,28/05/2017,09:50:00,El-Shikh Zayed street,Rammed a concrete barrier,Sudden deviation,Sunny,Temple - Dry,27,20 - 29,M,Little,,,unknown,unknown,2005,With Oriental Insurance,20171016,3784
2315531,4324379,N,28/05/2017,07:30:00,Emirates Road,Deterioration,Sudden deviation,Sunny,Temple - Dry,22,20 - 29,M,Little,28/02/2017,Driver,Has not examined,user,2015,safety,20171016,3784
2313370,4320777,N,#########,00:00:00,Jebel Ali Village,Collision - vehicle,Driving under the influence of alcohol,Sunny,Temple - Dry,42,40 - 49,M,Little,06/07/2017,visitor,drunk,unknown,2016,Dubai Islamic Insurance,20171016,3784
2315870,4324946,N,#########,18:30:00,325 Zabeel area,Collision - vehicle,Sudden deviation,Sunny,Temple - Dry,21,20 - 29,F,Little,17/06/2015,Students in military schools,Has not examined,unknown,2015,Integrating Dubai Insurance,20171016,3784
2315885,4324980,N,#########,23:00:00,359 Al Quoz fourth,Collision - vehicle,Sudden deviation,Sunny,Temple - Dry,25,20 - 29,M,Little,20/10/2015,,Has not examined,unknown,2015,Oman Insurance,20171016,3784
2316293,4325696,N,#########,14:50:00,Alelaas Street,Collision - Lighting column,Sudden deviation,Sunny,Temple - Dry,31,30 - 39,M,Medium,02/11/2017,,unknown,user,2014,Integrating Dubai Insurance,20171016,3784
2317485,4327703,N,#########,10:30:00,245 Muhaisnah fourth,Collision - vehicle,Sudden deviation,Sunny,Temple - Dry,37,30 - 39,F,Little,13/01/2011,Housewife,Has not examined,unknown,2004,With Oriental Insurance,20171016,3784
2313178,4320434,N,#########,04:30:00,424 Warqaa fourth area,Collision - vehicle,Driving under the influence of drugs,Sunny,Temple - Dry,21,20 - 29,M,Little,,,Drug users,Non-user,2002,Dhafra Insurance,20171016,3784
2322761,4336535,N,14/06/2017,17:00:00,Emirates Road,Collision - vehicle,Not leaving enough distance,Sunny,Temple - Dry,51,50 - 59,M,Little,06/03/2001,,Has not examined,user,2015,Falcon National Insurance,20171016,3784
2321244,4333943,N,15/06/2017,16:30:00,Emirates Road,Collision - vehicle,Not leaving enough distance,Sunny,Temple - Dry,27,20 - 29,M,Medium,31/12/2013,,Has not examined,user,2008,Emirates Insurance Company,20171016,3784
2322779,4336576,N,15/06/2017,14:00:00,El-Shikh Zayed street,Collision - vehicle,Not leaving enough distance,Sunny,Temple - Dry,24,20 - 29,M,Severe,30/10/2014,Building bricks,Has not examined,Non-user,2014,Wathba National Insurance,20171016,3784
2315115,4323706,N,16/06/2017,05:30:00,Aweer Street,Rammed a concrete barrier,Driving under the influence of alcohol,Sunny,Temple - Dry,36,30 - 39,M,Little,22/09/2016,Automatic control industry equipment officer,drunk,Non-user,2009,Charter Takaful Insurance Company PSC Dubai Branch,20171016,3784
2315116,4323708,N,16/06/2017,02:49:00,Emirates Road,Collision - vehicle,Not leaving enough distance,Sunny,Temple - Dry,24,20 - 29,M,Medium,09/12/2011,,unknown,unknown,2012,Arabian Scandinavian Insurance,20171016,3784
2323532,4337866,N,21/06/2017,22:00:00,Radio roundabout,Collision - vehicle,Bypass the red light,Sunny,Temple - Dry,22,20 - 29,M,Little,02/09/2017,Employee,unknown,Non-user,2015,Union Insurance,20171016,3784
2322251,4335643,N,22/06/2017,15:15:00,El-Shikh Zayed street,Rammed an iron barrier,Sudden deviation,Sunny,Temple - Dry,56,50 - 59,M,Medium,20/12/2005,Quality Control Manager,Has not examined,user,2008,Oman Insurance Company - Abu Dhabi Branch,20171016,3784
2322869,4336726,N,22/06/2017,04:20:00,El-Shikh Zayed street,Rammed a concrete barrier,Sudden deviation,Sunny,Temple - Dry,42,40 - 49,M,Medium,14/07/2008,Architect,Has not examined,unknown,2016,Dubai Insurance,20171016,3784
2319915,4331774,N,24/06/2017,03:40:00,Zabeel Road,Collision pier,Sudden deviation,Sunny,Temple - Dry,29,20 - 29,M,Little,21/08/2016,Conditioning and cooling technician / installation,unknown,unknown,2016,Charter Company for Takaful Insurance,20171016,3784
2321840,4334966,N,24/06/2017,05:45:00,Second Zabeel Road,Collision - Tree,Sudden deviation,Sunny,Temple - Dry,25,20 - 29,M,Little,25/06/2014,,Has not examined,user,2009,Ever Oriental Insurance Company,20171016,3784
2322899,4336779,N,25/06/2017,14:45:00,Horse Street,Rammed a concrete barrier,Sudden deviation,Sunny,Temple - Dry,29,20 - 29,M,Medium,,,Has not examined,unknown,2009,Al Hilal Takaful Company PSC,20171016,3784
2322468,4336023,N,29/06/2017,05:30:00,Horse Street,Collision - vehicle,Not leaving enough distance,Sunny,Temple - Dry,31,30 - 39,M,Little,15/12/2010,Agricultural worker,Has not examined,unknown,2012,Oman Insurance,20171016,3784
2323525,4337849,N,#########,15:50:00,Umm Suqeim Street,Collision - vehicle,Not leaving enough distance,Sunny,Temple - Dry,33,30 - 39,M,Medium,04/10/2004,Student,Has not examined,unknown,2010,National Insurance Company,20171016,3784
2321565,4334495,N,#########,06:21:00,Ibn Battuta Street,Rammed an iron barrier,Overspeed,Sunny,Temple - Dry,20,20 - 29,M,Little,24/03/1936,visitor,Has not examined,user,2016,Falcon National Insurance,20171016,3784
2325995,4342091,N,#########,21:55:00,The intersection of Cooperative Association,Collision - vehicle,Bypass the red light,Sunny,Temple - Dry,53,50 - 59,M,Medium,,,Has not examined,unknown,2016,Union Insurance Company,20171016,3784
2325261,4340820,N,#########,15:45:00,Sheikh Rashid Road,Collision - vehicle,Sudden deviation,Sunny,Temple - Dry,35,30 - 39,M,Little,25/09/2014,Follower writer,unknown,Non-user,2013,Charter Takaful Insurance Company PSC Dubai Branch,20171016,3784
2325366,4341030,N,#########,22:23:00,Union Street,Collision - vehicle,Sudden deviation,Sunny,Temple - Dry,29,20 - 29,M,Little,03/06/2017,Other personal services workers,unknown,unknown,2008,Al Hilal Takaful Company PSC,20171016,3784
2329957,4348845,N,#########,08:00:00,Amman Street,Deterioration,Neglect and lack of attention,Sunny,Temple - Dry,42,40 - 49,M,Little,31/03/2015,,Has not examined,unknown,2016,Al Ain Ahlia Insurance,20171016,3784
2330205,4349253,N,#########,16:15:00,415 Nad Al Hamar New Area,Rammed a concrete barrier,Sudden deviation,Sunny,Temple - Dry,27,20 - 29,M,Medium,16/01/2017,civil engineer,Has not examined,user,2006,Charter Takaful Insurance Company PSC Dubai Branch,20171016,3784
2331829,4352017,N,#########,11:45:00,International City,Collision - vehicle,Lack of commitment to walk line,Sunny,Temple - Dry,27,20 - 29,M,Medium,17/11/2014,guard,Has not examined,Non-user,2015,Lake National Insurance,20171016,3784
2325809,4341808,N,#########,06:40:00,Tripoli Street,Deterioration,Sudden deviation,Sunny,Temple - Dry,25,20 - 29,M,Severe,28/07/2011,Student,Has not examined,unknown,2016,Al Ain Ahlia Insurance,20171016,3784
2330203,4349248,N,#########,20:30:00,Ras Al Khor Road,Collision - vehicle,Not leaving enough distance,Sunny,Temple - Dry,39,30 - 39,M,Medium,02/07/2010,Driver light vehicle,Has not examined,user,2015,National General Insurance Company (Public Joint Stock Company),20171016,3784
2327319,4344345,N,#########,15:30:00,Floating bridge,Collision - vehicle,Not leaving enough distance,Sunny,Temple - Dry,28,20 - 29,M,Little,20/03/2016,Sales Representative,Has not examined,unknown,2013,Al Hilal Takaful Company PSC,20171016,3784
2328484,4346379,N,13/07/2017,18:30:00,Ras Al Khor Road Services,Collision - vehicle,Not leaving enough distance,Sunny,Temple - Dry,23,20 - 29,M,Medium,09/02/2012,Student,Has not examined,user,2016,Dubai Insurance,20171016,3784
2329693,4348417,N,13/07/2017,19:38:00,Tunnel dignity,Collision - vehicle,Not leaving enough distance,Sunny,Temple - Dry,25,20 - 29,M,Medium,02/03/2014,motorcycle driver,Has not examined,Non-user,2015,Takaful House (PSC),20171016,3784
2330288,4349415,N,13/07/2017,02:00:00,Dubai Eye Street,Collision - vehicle,Not leaving enough distance,Sunny,Temple - Dry,19, 10 - 19,M,Little,16/10/2016,Student,Has not examined,user,2016,Al Ain Ahlia Insurance,20171016,3784
2333277,4354437,N,16/07/2017,00:00:00,Emirates Road,Collision - vehicle,Not leaving enough distance,Sunny,Temple - Dry,51,50 - 59,M,Medium,16/03/1966,,Non-users,user,2007,"Orient Insurance Company, a public shareholding",20171016,3784
2331976,4352247,N,17/07/2017,03:20:00,Damascus Street,Collision - vehicle,Bypass the red light,Sunny,Temple - Dry,30,30 - 39,M,Little,26/12/2004,,Has not examined,unknown,2015,Qatar General Insurance and Reinsurance,20171016,3784
2332147,4352520,N,18/07/2017,16:30:00,Emirates Road,Deterioration,Neglect and lack of attention,Sunny,Temple - Dry,36,30 - 39,M,Severe,02/06/2000,.Employee,Has not examined,unknown,2007,Iranian insurance,20171016,3784
2331968,4352237,N,18/07/2017,06:45:00,Damascus Street,Deterioration,Overspeed,Sunny,Temple - Dry,24,20 - 29,M,Medium,28/11/2013,Paint buildings,Has not examined,Non-user,2013,Lake National Insurance,20171016,3784
2330794,4350282,N,19/07/2017,08:10:00,Sheikh Mohammed Bin Zayed Road,Collision - vehicle,Not leaving enough distance,Sunny,temple,38,30 - 39,M,Medium,,"Mderoadarat Statistics, Economy and Planning",unknown,unknown,2016,safety,20171016,3784
2331775,4351920,N,20/07/2017,13:30:00,The global village,Deterioration,Overspeed,Sunny,Temple - Dry,21,20 - 29,M,Little,01/08/2015,Students in military schools,Has not examined,user,2001,Wathba National Insurance,20171016,3784
2331778,4351929,N,21/07/2017,23:00:00,Share Street,Rammed an iron barrier,Sudden deviation,Sunny,Temple - Dry,43,40 - 49,M,Little,17/04/2007,not working,drunk,user,2011,United Insurance,20171016,3784
2332294,4352787,N,21/07/2017,23:40:00,Asayil Street,Collision - Lighting column,Driving under the influence of alcohol,Sunny,Temple - Dry,26,20 - 29,M,Severe,22/02/2015,Longshoremen,drunk,user,2003,Qatar General Insurance and Reinsurance,20171016,3784
2336042,4359083,N,21/07/2017,09:00:00,El-Shikh Zayed street,Rammed a concrete barrier,Sudden deviation,Sunny,Temple - Dry,26,20 - 29,M,Severe,12/06/2012,,Has not examined,unknown,2016,Abu Dhabi National Insurance,20171016,3784
2335216,4357703,N,22/07/2017,22:00:00,Sheikh Mohammed Bin Zayed Road,Collision - vehicle,Sudden deviation,Sunny,Temple - Dry,37,30 - 39,M,Medium,,Employee,Has not examined,unknown,2017,Qatar Insurance,20171016,3784
2332397,4352954,N,23/07/2017,11:30:00,,Collision - Lighting column,Driving under the influence of drugs and medicines,Sunny,Temple - Dry,62,42 - 49,M,death,17/07/1988,,Has not examined,Non-user,2001,Iranian insurance,20171016,3784
2333047,4354045,N,25/07/2017,00:15:00,Sheikh Mohammed Bin Zayed Road,Collision - vehicle,Stand in the middle of the road,Sunny,Temple - Dry,38,30 - 39,M,Severe,,,Has not examined,unknown,2014,Falcon National Insurance,20171016,3784
2335065,4357433,N,25/07/2017,22:30:00,Union Street,Collision - vehicle,Neglect and lack of attention,Sunny,Temple - Dry,34,30 - 39,M,Little,08/06/2015,Account Manager,Has not examined,user,2013,Arabian Scandinavian Insurance,20171016,3784
2335441,4358096,N,26/07/2017,22:45:00,Jebel Ali port area,Collision - vehicle,Not leaving enough distance,Sunny,Temple - Dry,28,20 - 29,M,Medium,03/02/2015,truck driver,Has not examined,user,1999,Dubai National Insurance,20171016,3784
2335591,4358372,N,28/07/2017,21:50:00,Happiness street,Collision - vehicle,Overspeed,Sunny,Temple - Dry,22,20 - 29,M,Medium,28/08/2014,Drivers of small cars and light transport,Has not examined,Non-user,2017,Takaful House (PSC),20171016,3784
2335925,4358891,N,28/07/2017,09:30:00,Oud Metha Road,Collision - vehicle,Driving under the influence of drugs,Sunny,Temple - Dry,36,30 - 39,M,Little,,partner,Drug users,unknown,2007,Dhafra Insurance,20171016,3784
2335010,4357340,N,30/07/2017,05:35:00,airport Street,Collision - wall,Driving under the influence of alcohol,Sunny,Temple - Dry,24,20 - 29,M,Little,16/03/2014,,drunk,unknown,1997,With Oriental Insurance,20171016,3784
2337425,4361367,N,31/07/2017,21:55:00,251 Mirdif,Collision - vehicle,Before entering into the street to make sure that it is free,Sunny,Temple - Dry,41,40 - 49,F,Little,18/02/1997,,Has not examined,user,2012,Al Khazna Insurance Company PSC,20171016,3784
2340066,4365840,N,#########,13:40:00,Zabeel Road,Deterioration,Sudden deviation,Sunny,Temple - Dry,47,40 - 49,M,Medium,13/10/2008,Employee,Has not examined,Non-user,2016,With Oriental Insurance,20171016,3784
2335458,4358129,N,#########,00:45:00,Rolla Street,Collision - vehicle,Driving under the influence of alcohol,Sunny,Temple - Dry,38,30 - 39,M,Little,10/03/2011,Vendor,drunk,unknown,2007,Union Insurance Company,20171016,3784
2337574,4361600,N,#########,13:15:00,Garhoud Bridge,Collision - vehicle,Not leaving enough distance,Sunny,Temple - Dry,40,40 - 49,M,Little,04/02/2010,Employee,unknown,unknown,2015,Oman Insurance Company - Abu Dhabi Branch,20171016,3784
2338073,4362463,N,#########,14:15:00,Sheikh Mohammed Bin Zayed Road,Collision - vehicle,Not leaving enough distance,Sunny,Temple - Dry,27,20 - 29,M,Medium,04/08/2013,Employee,Has not examined,unknown,2016,Abu Dhabi National Insurance,20171016,3784
2338184,4362666,N,#########,07:00:00,Nice girl Hamdan Street,Rammed a concrete barrier,Sudden deviation,Sunny,Temple - Dry,26,20 - 29,M,Medium,17/11/2015,Private car driver,Has not examined,unknown,2012,Takaful House (PSC),20171016,3784
2338092,4362491,N,#########,13:25:00,Nad Al Sheba Road,Deterioration,Sudden deviation,Sunny,Temple - Dry,25,20 - 29,M,Severe,21/04/2017,Assistant Mechanical conditioning,Has not examined,Non-user,2014,National General Insurance Company (Public Joint Stock Company),20171016,3784
2338446,4363138,N,#########,21:10:00,Asayil Street,Collision panel guidelines,Sudden deviation,Sunny,Temple - Dry,47,40 - 49,M,Medium,18/01/2003,.Employee,Has not examined,unknown,2015,Takaful House (PSC),20171016,3784
2338103,4362514,N,#########,18:30:00,Sheikh Mohammed Bin Zayed Road,Collision - vehicle,Sudden deviation,Sunny,Temple - Dry,43,40 - 49,M,Little,12/04/2011,partner,Has not examined,unknown,2009,Jordan Insurance,20171016,3784
2339110,4364269,N,#########,11:32:00,Emirates Road,Collision - vehicle,Not leaving enough distance,Sunny,Temple - Dry,28,20 - 29,M,Severe,16/12/2013,Electric circuit extensions,Has not examined,unknown,1999,Dubai National Insurance,20171016,3784
2337739,4361883,N,#########,09:40:00,127 area Hor Al Anz,Collision - vehicle,Not leaving enough distance,Sunny,Temple - Dry,28,20 - 29,M,Little,,Unemployed,unknown,unknown,2001,Al Ain Ahlia Insurance,20171016,3784
2338622,4363414,N,#########,09:30:00,Junction Mirdif Bridge,Collision - vehicle,Bypass the red light,Sunny,Temple - Dry,23,20 - 29,M,Medium,30/06/2015,Driver,Has not examined,Non-user,2012,Qatar Insurance,20171016,3784
2338391,4363039,N,#########,20:17:00,Ruwayyah Bridge,Collision - vehicle,Sudden deviation,Sunny,Temple - Dry,22,20 - 29,M,Severe,07/01/2013,Student,Has not examined,unknown,2015,Dubai Insurance,20171016,3784
2344336,4372983,N,#########,07:50:00,,Collision - vehicle,Before entering into the street to make sure that it is free,Sunny,Temple - Dry,60,42 - 49,M,Little,03/01/1993,Housewife,Has not examined,unknown,2012,The New India Insurance,20171016,3784
2338191,4362681,N,#########,03:30:00,Share Street,Collision panel guidelines,Overspeed,Sunny,Temple - Dry,29,20 - 29,M,death,18/07/2006,Student,Has not examined,Non-user,2014,Falcon National Insurance,20171016,3784
2349193,4381154,N,#########,22:25:00,Business Bay,Deterioration,Sudden deviation,Sunny,Temple - Dry,27,20 - 29,M,Little,20/06/2017,Cleaning agent / Public Buildings,Has not examined,Non-user,2017,Falcon National Insurance,20171016,3784
2339628,4365110,N,#########,17:35:00,airport Street,Collision - vehicle,Sudden deviation,Sunny,Temple - Dry,24,20 - 29,M,Medium,,,unknown,unknown,2011,Charter Takaful Insurance Company PSC Dubai Branch,20171016,3784
2342701,4370289,N,#########,06:15:00,Camel racing Lehbab Square Street,Deterioration,Neglect and lack of attention,Sunny,sandy,25,20 - 29,M,Severe,,Employee,Has not examined,Non-user,1998,Integrating Dubai Insurance,20171016,3784
2343057,4370880,N,#########,16:20:00,368 Al Quoz Industrial Area Third,Collision - vehicle,Lack of commitment to walk line,Sunny,Temple - Dry,28,20 - 29,M,Little,08/02/2012,cleaning worker,Has not examined,Non-user,2016,Lake National Insurance,20171016,3784
2341202,4367811,N,#########,20:10:00,Sheikh Mohammed Bin Zayed Road,Collision - vehicle,Not leaving enough distance,Sunny,Temple - Dry,22,20 - 29,M,Little,12/09/2013,,Has not examined,user,2008,Al Khazna Insurance Company PSC,20171016,3784
2342119,4369332,N,16/08/2017,01:00:00,Asayil Street,Collision - column,Sudden deviation,Sunny,Temple - Dry,23,20 - 29,M,Medium,27/04/2015,,unknown,unknown,2016,Integrating Dubai Insurance,20171016,3784
2342086,4369269,N,17/08/2017,14:30:00,Emirates Road,Collision - vehicle,Not leaving enough distance,Sunny,Temple - Dry,40,40 - 49,M,death,13/11/1977,,Has not examined,unknown,2009,Integrating Dubai Insurance,20171016,3784
2344217,4372770,N,19/08/2017,05:40:00,Emirates Road,Rammed an iron barrier,Sudden deviation,Sunny,Temple - Dry,25,20 - 29,M,Little,17/03/2013,Drivers of small cars and light transport,Has not examined,user,2015,Royal & Sun Alliance Insurance Middle East,20171016,3784
2344733,4373699,N,22/08/2017,06:25:00,Jebel Ali Soot Street,Deterioration,Sudden deviation,Sunny,Temple - Dry,33,30 - 39,M,Little,22/11/2006,,Has not examined,user,2015,Oman Insurance Company - Abu Dhabi Branch,20171016,3784
2345601,4375120,N,22/08/2017,14:15:00,Rabat Street,Collision - vehicle,Not leaving enough distance,Sunny,Temple - Dry,27,20 - 29,M,Medium,05/06/2015,Sales Representative,unknown,unknown,2010,Alliance Insurance,20171016,3784
2345318,4374679,N,22/08/2017,03:40:00,The intersection of Happiness Street Business Bay Street,Collision pier,Driving under the influence of alcohol,Sunny,Temple - Dry,24,20 - 29,M,Little,26/05/1938,,drunk,unknown,2014,,20171016,3784
2345750,4375368,N,26/08/2017,03:45:00,Happiness street,Collision - vehicle,Driving under the influence of alcohol,Sunny,Temple - Dry,33,30 - 39,M,Little,16/06/2002,.Employee,drunk,unknown,2012,Charter Takaful Insurance Company PSC Dubai Branch,20171016,3784
2346396,4376444,N,27/08/2017,07:00:00,Emirates Road,Rammed an iron barrier,Sudden deviation,Sunny,Temple - Dry,36,30 - 39,M,death,22/03/2017,,unknown,Non-user,2017,"Orient Insurance Company, a public shareholding",20171016,3784
2348203,4379467,N,29/08/2017,03:58:00,Horse Street,Rammed an iron barrier,Driving under the influence of alcohol,Sunny,Temple - Dry,32,30 - 39,M,Little,27/03/2006,Switchboard operator,drunk,unknown,2016,"Orient Insurance Company, a public shareholding",20171016,3784
2346693,4376918,N,31/08/2017,07:00:00,The intersection of the new BurJuman,Collision - vehicle,Bypass the red light,Sunny,Temple - Dry,40,40 - 49,M,Little,11/11/2015,Employee,unknown,unknown,2017,Oman Insurance Company - Abu Dhabi Branch,20171016,3784
2347764,4378691,N,#########,02:15:00,,Collision - vehicle,Not leaving enough distance,Sunny,Temple - Dry,33,30 - 39,M,death,15/11/2011,Normal factor,Has not examined,Non-user,2014,"Orient Insurance Company, a public shareholding",20171016,3784
2360828,4401134,N,#########,02:30:00,Damascus Street,Collision - vehicle,Bypass the red light,Sunny,Temple - Dry,28,20 - 29,M,Little,07/10/2007,Student,Has not examined,unknown,2011,Dhafra Insurance,20171016,3784
2350358,4383143,N,#########,13:00:00,Street fads,Collision - vehicle,Not leaving enough distance,Sunny,Temple - Dry,45,40 - 49,M,Little,24/07/2005,Public Accountant,Has not examined,user,2008,Oman Insurance,20171016,3784
2349358,4381451,N,#########,10:10:00,Street Seaport,Collision - vehicle,Sudden deviation,Sunny,Temple - Dry,28,20 - 29,M,Little,01/11/2016,Project Engineer,unknown,unknown,2016,Union Insurance,20171016,3784
2351094,4384441,N,#########,14:23:00,Sheikh Mohammed Bin Zayed Road,Rammed a concrete barrier,Sudden deviation,Sunny,Temple - Dry,30,30 - 39,M,Medium,31/08/2014,Sales Supervisor,Has not examined,unknown,2013,Union Insurance,20171016,3784
2352880,4387520,N,#########,05:00:00,Emirates Road,Collision - vehicle,Not leaving enough distance,Sunny,Temple - Dry,26,20 - 29,M,Medium,23/05/2010,,unknown,unknown,2015,AXA Insurance Gulf--abozby,20171016,3784
2351968,4385944,N,#########,19:00:00,Palace roundabout Sheikh Mohammed,Collision panel guidelines,Sudden deviation,Sunny,Temple - Dry,19, 10 - 19,F,Little,,employee,Has not examined,unknown,2012,Charter Takaful Insurance Company PSC Dubai Branch,20171016,3784
2353559,4388707,N,#########,23:30:00,El-Shikh Zayed street,Rammed a concrete barrier,Sudden deviation,Sunny,Temple - Dry,33,30 - 39,M,Severe,07/03/2017,Public Accountant,Has not examined,unknown,2006,Dhafra Insurance,20171016,3784
2353695,4388943,N,13/09/2017,23:20:00,Oud Metha Road,Collision - vehicle,Not leaving enough distance,Sunny,Temple - Dry,19, 10 - 19,M,Little,26/02/2016,Students in military schools,Has not examined,unknown,2015,Takaful House (PSC),20171016,3784
2354104,4389661,N,14/09/2017,15:00:00,El-Shikh Zayed street,Collision - vehicle,Sudden deviation,Sunny,Temple - Dry,25,20 - 29,M,Little,05/09/2016,Reporter,Has not examined,Non-user,2016,Lake National Insurance,20171016,3784
2360177,4400030,N,14/09/2017,03:15:00,Sheikh Mohammed Bin Zayed Road,Collision - vehicle,Not leaving enough distance,Sunny,Temple - Dry,27,20 - 29,M,Medium,04/11/2008,,unknown,unknown,2011,Charter Company for Takaful Insurance,20171016,3784
2354121,4389691,N,15/09/2017,05:20:00,Horse Street,Deterioration,Driving under the influence of alcohol,Sunny,Temple - Dry,27,20 - 29,M,Medium,,,drunk,Non-user,2007,Charter Company for Takaful Insurance,20171016,3784
2355851,4392638,N,18/09/2017,14:07:00,Emirates Road,Collision - vehicle,Not leaving enough distance,Sunny,temple,25,20 - 29,M,Medium,09/12/2014,Purification of metal ores machines operator,Has not examined,unknown,2016,"Orient Insurance Company, a public shareholding",20171016,3784
2357766,4395885,N,25/09/2017,21:40:00,317 Mankhool area,Collision - vehicle,Lack of commitment to walk line,Sunny,Temple - Dry,32,30 - 39,M,Little,03/07/2017,Unknown function,unknown,unknown,2017,With Oriental Insurance,20171016,3784
2360428,4400439,N,25/09/2017,19:50:00,Hatta Road Dubai,Collision - vehicle,Not leaving enough distance,Sunny,Temple - Dry,28,20 - 29,M,Little,05/12/2010,Employee,Has not examined,user,,United Omani company,20171016,3784
2359344,4398625,N,28/09/2017,15:50:00,Emirates Road,Collision - vehicle,Sudden deviation,Sunny,Temple - Dry,37,30 - 39,M,Severe,,,Has not examined,unknown,2008,Al Ain Ahlia Insurance,20171016,3784
2359317,4398575,N,30/09/2017,04:40:00,Warqaa,Collision - vehicle,Lack of commitment to walk line,Sunny,temple,40,40 - 49,M,Severe,02/04/2017,Skilled workers in the fields of agriculture and fisheries,Non-users,unknown,2017,"Orient Insurance Company, a public shareholding",20171016,3784
2359387,4398688,N,30/09/2017,10:10:00,Riyadh Street,Collision - vehicle,Before entering into the street to make sure that it is free,Sunny,Temple - Dry,20,20 - 29,M,Little,16/05/2016,Vendor,unknown,unknown,2014,Charter Takaful Insurance Company PSC Dubai Branch,20171016,3784
2361363,4402074,N,30/09/2017,00:40:00,368 Al Quoz Industrial Area Third,Run over,Lack of appreciation for road users,Sunny,Temple - Dry,24,20 - 29,M,Severe,19/12/2015,Mechanical Maintenance Assistant,Has not examined,Non-user,2012,AXA Insurance Gulf,20171016,3784
2360603,4400730,N,#########,03:30:00,Ras Al Khor Road,Collision - vehicle,Not leaving enough distance,Sunny,temple,22,20 - 29,M,Severe,16/05/2013,Students in military schools,Has not examined,user,2007,Emirates Insurance,20171016,3784
2361435,4402219,N,#########,21:00:00,Dubai Eye Street,Collision - animal,Flail animal,Sunny,Temple - Dry,30,30 - 39,M,death,,,Has not examined,unknown,2017,Muscat Insurance Company SAOG,20171016,3784
